EST,Max TemperatureF,Mean TemperatureF,Min TemperatureF,Max Dew PointF,MeanDew PointF,Min DewpointF,Max Humidity, Mean Humidity, Min Humidity, Max Sea Level PressureIn, Mean Sea Level PressureIn, Min Sea Level PressureIn, Max VisibilityMiles, Mean VisibilityMiles, Min VisibilityMiles, Max Wind SpeedMPH, Mean Wind SpeedMPH, Max Gust SpeedMPH,PrecipitationIn, CloudCover, Events, WindDirDegrees
2014-1-1,29,24,19,7,5,3,52,43,34,30.40,30.33,30.20,10,10,10,22,9,29,0.00,3,,296
2014-1-2,26,14,2,21,11,-3,88,69,50,30.36,30.14,29.86,4,1,0,32,18,38,0.38,8,Fog-Snow,11
2014-1-3,14,8,2,1,-4,-12,87,66,45,30.40,29.99,29.72,10,5,0,26,17,36,0.19,4,Fog-Snow,337
2014-1-4,27,15,2,18,1,-12,69,50,31,30.51,30.38,30.26,10,10,10,24,12,31,0.00,2,,228
2014-1-5,38,31,24,36,26,12,100,74,47,30.32,30.19,29.94,10,8,0,23,8,30,0.04,6,Fog-Rain,148
2014-1-6,56,43,29,54,42,13,100,77,53,29.88,29.50,29.29,10,5,0,25,14,33,0.32,8,Fog-Rain,204
2014-1-7,29,19,9,11,-6,-13,50,41,31,30.23,29.93,29.53,10,10,10,30,20,41,T,2,,272
2014-1-8,22,15,7,1,-3,-9,60,48,36,30.45,30.39,30.24,10,10,10,23,13,32,0.00,1,,259
2014-1-9,30,25,19,11,5,1,67,49,31,30.65,30.56,30.43,10,10,10,17,9,23,0.00,2,,256
2014-1-10,37,28,18,34,25,9,100,80,60,30.61,30.44,30.28,10,5,0,12,5,14,0.02,8,Fog-Snow,179
2014-1-11,59,47,34,55,46,33,100,93,86,30.25,29.79,29.29,10,3,0,31,12,41,0.54,8,Fog-Rain-Thunderstorm,176
2014-1-12,54,46,37,50,30,23,89,67,45,29.97,29.61,29.30,10,10,10,29,16,38,T,5,Rain,272
2014-1-13,51,41,31,43,29,22,86,63,39,30.12,30.03,29.91,10,10,10,21,12,26,0.00,4,,212
2014-1-14,50,47,44,46,44,39,100,90,80,29.89,29.74,29.63,10,6,0,17,8,22,0.79,8,Fog-Rain,226
2014-1-15,48,42,35,39,35,32,92,76,60,30.02,29.94,29.79,10,9,3,15,7,18,T,4,,220
2014-1-16,39,36,33,37,35,32,100,93,85,29.94,29.89,29.85,4,2,0,8,3,10,0.00,8,Fog,33
2014-1-17,46,40,33,36,30,20,92,65,37,29.99,29.94,29.91,10,6,0,17,8,24,0.00,5,Fog,185
2014-1-18,38,35,32,36,32,29,92,87,82,29.92,29.74,29.61,10,5,0,12,7,17,0.79,8,Fog-Rain-Snow,17
2014-1-19,35,33,30,30,25,20,89,73,56,29.73,29.65,29.55,10,7,0,26,15,35,0.03,7,Fog-Snow,243
2014-1-20,41,34,26,25,21,9,69,56,42,29.86,29.61,29.51,10,10,10,25,15,32,0.00,7,,245
2014-1-21,26,19,11,8,3,-6,76,58,40,30.07,29.99,29.88,10,5,1,22,12,28,0.11,7,Snow,352
2014-1-22,18,13,7,5,-2,-7,83,60,37,29.90,29.77,29.64,10,6,1,24,17,31,T,6,Snow,338
2014-1-23,22,14,6,-1,-6,-9,58,45,31,30.15,30.03,29.91,10,10,10,22,13,28,0.00,2,,287
2014-1-24,19,13,7,0,-6,-9,55,43,30,30.26,30.18,30.07,10,10,10,22,14,26,0.00,1,,268
2014-1-25,38,27,15,27,18,1,78,65,51,30.03,29.60,29.34,10,8,2,37,17,48,T,7,Snow,217
2014-1-26,26,21,16,15,2,-8,68,51,33,29.90,29.72,29.35,10,10,10,32,16,44,0.00,4,,249
2014-1-27,47,34,21,37,18,0,81,55,29,29.99,29.73,29.53,10,10,7,28,14,39,0.02,8,Rain,238
2014-1-28,21,17,13,1,-8,-14,45,35,24,30.31,30.23,30.01,10,10,10,25,13,33,0.00,6,,273
2014-1-29,27,21,15,7,-3,-9,61,41,21,30.22,30.11,29.99,10,9,2,22,10,28,0.01,4,Snow,285
2014-1-30,30,23,16,12,2,-6,62,47,31,30.44,30.33,30.21,10,10,10,17,10,21,0.00,1,,243
2014-1-31,43,33,22,23,16,7,81,54,27,30.20,30.10,30.01,10,10,10,18,9,22,0.00,8,,244
2014-2-1,42,37,32,28,21,17,75,57,38,30.35,30.24,30.04,10,10,9,17,8,20,0.00,6,,209
2014-2-2,55,43,31,38,33,28,89,66,43,30.06,29.94,29.87,10,9,5,15,7,18,0.02,7,Rain,256
2014-2-3,41,34,27,31,26,21,92,74,56,30.30,30.19,30.08,10,5,1,15,9,18,0.17,8,Snow,11
2014-2-4,35,29,23,23,18,15,81,64,47,30.45,30.38,30.29,10,10,10,12,6,14,0.00,5,,275
2014-2-5,33,29,24,31,26,19,100,89,78,30.27,29.94,29.63,10,3,0,22,11,32,1.11,8,Fog-Snow,55
2014-2-6,28,24,19,18,11,6,81,64,46,30.27,30.18,29.99,10,10,4,17,8,22,T,5,Snow,299
2014-2-7,30,25,19,10,8,6,57,50,42,30.27,30.21,30.16,10,10,10,18,11,23,0.00,3,,259
2014-2-8,29,24,18,5,2,0,50,41,31,30.30,30.22,30.12,10,10,10,20,10,28,0.00,5,,274
2014-2-9,30,26,21,25,18,5,85,61,37,30.18,30.06,29.96,10,8,1,14,8,17,0.03,8,Snow,90
2014-2-10,30,25,20,21,12,4,88,64,40,30.22,30.03,29.91,10,9,1,20,12,25,T,3,Snow,288
2014-2-11,25,20,14,5,2,-2,61,48,35,30.44,30.30,30.23,10,10,10,20,10,25,0.00,0,,305
2014-2-12,23,16,8,13,1,-6,68,51,34,30.57,30.50,30.43,10,10,10,22,8,28,0.00,3,,93
2014-2-13,36,29,21,33,29,12,96,82,68,30.43,29.88,29.02,10,4,0,39,20,49,1.00,8,Fog-Rain-Snow,68
2014-2-14,37,33,29,32,26,19,96,74,52,29.73,29.10,28.83,10,6,1,35,18,51,0.31,6,Rain-Snow,298
2014-2-15,35,31,27,29,25,21,92,77,61,29.86,29.72,29.46,10,4,0,24,10,30,0.33,7,Fog-Snow,34
2014-2-16,33,28,23,27,12,7,85,61,36,29.96,29.72,29.46,10,9,0,36,17,49,0.02,6,Snow,294
2014-2-17,29,22,14,2,-3,-6,50,37,23,30.38,30.22,30.00,10,10,10,24,15,32,0.00,1,,319
2014-2-18,35,25,14,31,20,-5,92,63,34,30.37,30.07,29.88,10,6,1,23,11,28,0.22,7,Rain-Snow,1
2014-2-19,36,29,21,32,27,17,96,82,68,30.10,29.88,29.72,10,5,0,16,8,20,0.25,7,Fog-Rain-Snow,345
2014-2-20,48,41,33,32,27,20,89,60,31,30.22,30.12,29.84,10,9,3,17,9,23,0.08,4,Rain,257
2014-2-21,44,39,34,43,36,32,100,93,85,30.17,29.93,29.68,10,4,0,21,9,31,0.22,8,Fog-Rain-Thunderstorm,84
2014-2-22,50,42,34,33,27,21,96,64,32,29.97,29.92,29.85,10,10,10,29,14,35,0.00,1,,222
2014-2-23,52,43,34,31,26,24,76,56,35,30.01,29.91,29.77,10,10,10,17,6,23,0.00,6,,217
2014-2-24,45,35,24,27,11,4,55,41,27,29.96,29.81,29.74,10,10,10,26,16,37,0.00,4,,284
2014-2-25,29,26,22,9,5,3,54,44,34,29.99,29.94,29.88,10,10,10,21,11,28,0.00,4,,277
2014-2-26,32,24,16,8,2,-10,61,43,24,29.95,29.86,29.77,10,10,10,24,12,33,0.00,4,,259
2014-2-27,30,21,12,21,6,-7,75,51,27,29.91,29.74,29.59,10,7,0,29,12,37,0.02,6,Snow,270
2014-2-28,25,18,10,-7,-10,-13,46,32,18,30.45,30.26,29.95,10,10,10,26,12,33,0.00,1,,285
2014-3-1,36,26,16,22,7,-10,51,40,28,30.45,30.31,30.10,10,10,10,18,6,22,0.00,4,,221
2014-3-2,40,35,30,25,20,14,69,59,48,30.08,30.02,29.98,10,10,6,16,7,18,T,8,Snow,258
2014-3-3,30,23,16,12,-1,-9,50,39,28,30.30,30.14,30.00,10,10,10,22,12,26,0.00,6,,339
2014-3-4,31,22,12,2,-5,-9,42,32,21,30.39,30.31,30.26,10,10,10,13,8,17,0.00,5,,280
2014-3-5,29,25,20,19,14,0,81,55,29,30.50,30.33,30.25,10,9,2,16,10,20,0.00,8,Snow,7
2014-3-6,25,18,11,9,1,-10,67,46,24,30.65,30.58,30.51,10,10,10,16,7,22,0.00,1,,23
2014-3-7,34,25,16,27,18,9,78,64,49,30.51,30.27,29.96,10,10,10,12,5,15,0.00,5,,50
2014-3-8,55,41,27,30,23,17,81,54,26,29.94,29.80,29.69,10,10,10,20,8,25,0.00,4,,327
2014-3-9,43,37,30,17,8,1,51,35,18,29.94,29.90,29.87,10,10,10,21,11,25,0.00,5,,315
2014-3-10,44,36,28,31,23,8,85,60,35,29.89,29.79,29.65,10,7,1,15,8,20,0.03,8,Rain-Snow,216
2014-3-11,60,47,34,34,30,25,92,60,28,29.73,29.59,29.52,10,8,5,16,9,22,0.00,5,,254
2014-3-12,46,42,37,43,37,34,89,80,70,29.73,29.40,29.03,10,5,1,15,5,20,0.03,8,Rain,27
2014-3-13,37,21,18,34,12,-2,89,64,24,29.94,29.42,29.01,10,5,1,28,17,38,0.01,7,Rain-Snow,314
2014-3-14,39,28,16,25,8,-3,59,44,29,30.18,30.05,29.95,10,10,10,22,14,31,0.00,3,,234
2014-3-15,57,48,38,37,30,25,76,56,35,29.90,29.77,29.67,10,10,9,21,15,40,0.01,5,Rain,248
2014-3-16,37,30,23,16,6,-3,53,38,22,30.20,30.07,29.90,10,10,10,23,16,33,0.00,4,,295
2014-3-17,27,22,16,12,0,-9,55,43,30,30.20,30.14,30.06,10,10,10,16,8,23,0.00,5,,15
2014-3-18,33,27,20,20,10,-3,69,51,32,30.37,30.31,30.17,10,10,10,12,8,,0.00,1,,59
2014-3-19,41,34,27,31,25,19,82,71,59,30.40,30.26,30.01,10,10,10,21,10,25,T,4,,76
2014-3-20,52,45,37,39,34,23,100,70,39,30.00,29.71,29.61,10,7,2,26,12,35,0.29,6,Rain,304
2014-3-21,45,40,34,22,20,18,56,46,36,30.04,29.86,29.75,10,10,10,26,17,37,0.00,3,,273
2014-3-22,57,43,28,37,24,18,75,52,29,30.05,29.89,29.65,10,10,7,33,14,44,T,3,Rain,242
2014-3-23,44,33,22,22,13,0,61,42,23,30.07,29.97,29.91,10,10,10,22,13,28,0.00,7,,287
2014-3-24,33,25,17,-2,-4,-6,43,32,20,30.18,30.12,30.05,10,10,10,24,13,31,0.00,1,,321
2014-3-25,39,30,21,16,8,1,52,37,22,30.16,30.08,29.92,10,10,10,21,10,26,0.00,5,,219
2014-3-26,35,30,24,16,7,-3,53,39,25,30.01,29.74,29.58,10,10,6,38,26,54,T,7,Snow,345
2014-3-27,46,34,21,14,1,-4,40,27,14,30.32,30.24,30.04,10,10,10,24,14,31,0.00,3,,264
2014-3-28,60,48,35,47,36,17,86,66,46,30.25,30.07,29.96,10,10,5,30,14,37,0.02,8,Rain,217
2014-3-29,52,46,39,46,39,35,92,77,61,30.25,30.15,30.01,10,7,2,22,13,28,0.97,6,Rain,28
2014-3-30,43,40,36,41,37,33,96,91,86,29.95,29.71,29.63,10,3,0,27,17,36,2.23,8,Fog-Rain,16
2014-3-31,42,38,34,34,31,27,92,76,59,30.00,29.81,29.71,10,5,2,24,13,33,0.44,8,Rain-Snow,2
2014-4-1,47,41,34,32,28,25,70,60,49,30.11,30.05,30.01,10,10,10,18,10,23,0.00,5,,28
2014-4-2,46,42,37,35,32,26,82,68,53,30.13,30.08,30.03,10,10,10,13,6,14,0.00,5,,37
2014-4-3,54,44,34,33,27,21,85,59,32,30.15,30.08,30.05,10,10,10,17,9,22,0.00,1,,11
2014-4-4,44,41,37,36,32,26,92,76,59,30.18,30.08,29.92,10,9,3,20,11,23,0.26,7,Rain,80
2014-4-5,54,46,38,39,34,22,92,67,41,29.94,29.79,29.70,10,7,2,26,14,38,0.23,7,Rain,329
2014-4-6,59,47,35,22,20,14,56,37,17,30.19,30.08,29.95,10,10,10,17,9,22,0.00,0,,283
2014-4-7,59,49,38,40,30,24,89,59,28,30.25,30.14,29.93,10,9,2,17,8,21,0.04,7,Rain,139
2014-4-8,65,54,43,56,47,31,100,76,52,29.90,29.51,29.31,10,5,1,29,13,37,0.67,7,Rain,173
2014-4-9,59,50,41,34,26,9,67,45,22,29.98,29.67,29.54,10,10,10,24,13,32,0.00,2,,305
2014-4-10,60,47,34,35,21,10,61,43,24,30.16,30.07,30.00,10,10,10,28,14,35,0.00,1,,220
2014-4-11,69,59,48,48,40,34,72,55,37,30.02,29.97,29.91,10,10,10,21,10,25,T,7,Rain,231
2014-4-12,69,59,49,45,35,25,86,53,20,30.21,30.11,29.98,10,10,9,20,9,26,0.04,4,Rain,280
2014-4-13,63,54,45,50,41,35,86,68,50,30.28,30.16,30.03,10,10,6,15,8,21,0.04,7,Rain,138
2014-4-14,75,66,57,54,52,50,80,63,46,30.02,29.95,29.89,10,10,10,41,22,51,0.00,6,,211
2014-4-15,68,55,41,58,55,41,90,77,63,29.91,29.72,29.58,10,6,2,45,24,58,0.62,8,Rain,209
2014-4-16,45,38,31,39,24,12,85,57,28,30.62,30.12,29.75,10,8,1,26,15,35,0.36,5,Rain-Snow,325
2014-4-17,40,36,32,26,23,15,75,61,47,30.82,30.75,30.63,10,10,10,22,14,28,0.00,3,,51
2014-4-18,42,37,31,33,30,26,85,75,64,30.65,30.47,30.26,10,10,9,17,9,21,0.00,7,,73
2014-4-19,63,50,37,34,30,23,85,56,27,30.42,30.24,30.18,10,10,10,22,12,30,0.00,4,,299
2014-4-20,48,44,39,33,27,23,76,57,38,30.54,30.46,30.36,10,10,10,15,9,20,0.00,3,,83
2014-4-21,69,53,36,38,32,23,82,52,22,30.33,30.08,29.86,10,10,10,17,9,24,0.00,4,,195
2014-4-22,73,60,47,51,42,38,93,62,31,29.83,29.62,29.49,10,10,6,21,12,26,0.05,5,Rain,205
2014-4-23,57,52,46,51,43,31,93,72,50,29.61,29.48,29.43,10,8,2,31,15,41,0.23,7,Rain,296
2014-4-24,59,51,42,29,23,17,49,37,24,29.92,29.72,29.60,10,10,10,36,21,46,0.00,1,,320
2014-4-25,57,50,43,36,29,25,56,45,33,30.02,29.92,29.84,10,10,10,21,11,24,0.00,5,,201
2014-4-26,47,45,42,41,38,34,89,75,60,29.88,29.83,29.80,10,8,3,14,7,17,0.20,7,Rain,79
2014-4-27,50,46,41,41,39,36,89,77,65,30.04,29.94,29.86,10,10,6,15,6,20,0.15,8,Rain,76
2014-4-28,54,48,42,40,37,34,76,63,50,30.24,30.08,30.00,10,10,10,24,11,30,T,5,Rain,29
2014-4-29,44,43,42,38,35,33,82,76,70,30.54,30.44,30.25,10,10,10,24,17,31,T,8,Rain,63
2014-4-30,45,43,41,41,37,34,96,83,70,30.54,30.45,30.19,10,9,4,20,14,25,0.35,8,Rain,94
2014-5-1,60,52,44,55,48,42,100,89,78,30.14,29.82,29.67,8,3,0,12,6,17,0.62,7,Fog-Rain,75
2014-5-2,69,60,50,49,38,34,86,58,29,29.81,29.71,29.65,10,10,5,22,10,30,0.01,5,Rain,288
2014-5-3,67,59,50,43,39,36,59,50,40,29.87,29.80,29.73,10,10,10,17,9,21,0.00,5,,223
2014-5-4,62,56,50,44,37,33,71,54,36,29.71,29.60,29.54,10,10,10,32,16,46,T,5,Rain,257
2014-5-5,66,58,50,42,38,35,66,50,34,29.86,29.75,29.62,10,10,10,24,14,30,0.00,5,,315
2014-5-6,64,56,47,37,32,23,71,48,25,30.04,29.90,29.83,10,10,10,23,10,31,0.00,5,,318
2014-5-7,69,58,47,40,31,26,51,37,22,30.18,30.14,30.05,10,10,9,17,10,21,0.00,2,,280
2014-5-8,62,55,48,52,38,31,77,58,39,30.20,30.16,30.10,10,10,10,20,7,24,0.00,4,,115
2014-5-9,59,55,50,52,49,46,93,83,72,30.25,30.19,30.09,10,6,0,10,4,12,T,8,Rain,60
2014-5-10,80,69,57,63,59,53,93,68,42,30.08,29.85,29.75,10,8,1,28,12,35,0.34,8,Rain-Thunderstorm,222
2014-5-11,80,71,62,58,38,27,78,46,14,30.02,29.91,29.79,10,10,9,22,12,31,T,3,Rain,276
2014-5-12,85,69,52,55,43,36,66,43,20,30.13,30.04,29.96,10,10,10,31,11,38,0.00,3,,234
2014-5-13,52,49,46,44,40,36,80,71,61,30.35,30.30,30.17,10,10,10,17,10,24,0.00,7,,69
2014-5-14,63,55,46,53,46,40,86,71,56,30.35,30.31,30.26,10,10,10,20,9,22,T,6,,121
2014-5-15,77,67,57,61,58,53,93,77,61,30.30,30.26,30.21,10,10,9,20,9,23,T,7,,159
2014-5-16,73,66,59,63,60,57,100,82,64,30.20,30.09,29.99,10,8,2,24,14,30,0.06,8,Rain,164
2014-5-17,75,67,58,63,54,34,100,64,27,30.06,29.92,29.86,10,7,1,24,13,30,0.65,6,Rain,215
2014-5-18,63,58,52,46,41,35,66,53,39,30.11,30.06,30.02,10,10,10,16,9,21,0.00,4,,357
2014-5-19,68,60,52,46,37,30,77,53,28,30.09,30.05,30.00,10,10,7,29,13,37,0.05,5,Rain,318
2014-5-20,69,61,53,48,44,38,77,55,32,30.01,29.98,29.95,10,10,10,18,9,26,T,4,,286
2014-5-21,65,59,52,52,49,45,86,74,62,30.01,29.98,29.95,10,10,10,16,7,20,0.00,3,,97
2014-5-22,59,55,51,54,51,48,100,90,80,29.94,29.91,29.88,10,5,0,18,8,22,0.25,6,Fog-Rain,92
2014-5-23,57,55,52,54,50,47,100,89,77,29.99,29.93,29.88,10,8,2,15,9,21,0.02,8,Rain,92
2014-5-24,61,57,52,50,48,43,89,71,53,30.06,30.01,29.96,10,10,4,15,8,17,0.18,7,Rain,52
2014-5-25,66,59,52,53,51,48,93,79,65,30.10,30.06,30.01,10,10,7,16,7,20,0.00,5,,118
2014-5-26,79,67,55,57,53,50,86,63,39,30.00,29.88,29.79,10,10,9,22,12,31,0.01,6,Rain,239
2014-5-27,74,62,50,56,51,46,93,71,49,29.97,29.90,29.80,10,6,0,20,12,24,0.48,7,Fog-Rain-Thunderstorm,57
2014-5-28,50,47,44,48,45,39,93,85,76,30.22,30.06,29.90,10,5,2,24,15,31,0.08,7,Rain,43
2014-5-29,58,51,43,46,42,32,89,67,45,30.25,30.21,30.17,10,10,10,13,8,16,0.00,3,,68
2014-5-30,66,57,48,54,48,43,89,73,56,30.15,30.06,30.00,10,10,6,17,8,20,0.11,5,Rain-Thunderstorm,127
2014-5-31,60,56,52,49,46,38,89,68,47,30.30,30.18,30.06,10,10,10,20,10,22,T,5,,28
2014-6-1,66,59,51,49,44,35,77,61,44,30.35,30.29,30.24,10,10,10,12,8,16,0.00,2,,98
2014-6-2,83,70,56,53,48,43,62,44,26,30.24,30.12,30.00,10,10,10,16,9,22,0.00,3,,205
2014-6-3,72,65,57,56,53,48,86,72,57,30.02,29.97,29.91,10,10,10,24,11,29,0.00,2,,130
2014-6-4,60,58,55,56,53,47,93,80,67,29.90,29.86,29.79,10,10,2,13,6,16,0.14,8,Rain,81
2014-6-5,60,59,57,58,57,55,100,92,84,29.80,29.71,29.64,10,4,0,17,7,22,0.78,7,Fog-Rain,25
2014-6-6,76,67,57,66,53,50,93,67,41,29.93,29.77,29.69,10,10,10,18,11,24,0.00,4,,292
2014-6-7,80,71,61,60,55,51,73,58,42,29.93,29.90,29.86,10,10,10,14,8,18,0.00,2,,241
2014-6-8,81,74,67,59,55,52,66,55,43,29.94,29.91,29.86,10,10,8,15,8,17,0.00,4,,151
2014-6-9,81,74,66,59,55,53,73,56,39,29.99,29.95,29.90,10,10,10,21,11,26,T,7,,232
2014-6-10,79,69,59,67,61,54,93,80,67,30.12,29.99,29.93,10,8,0,28,9,48,0.85,8,Fog-Rain,117
2014-6-11,63,61,58,55,54,53,86,79,72,30.21,30.17,30.11,10,10,10,15,10,18,T,5,Rain,66
2014-6-12,66,63,59,57,55,52,84,79,73,30.17,30.13,30.08,10,10,9,21,12,25,T,8,,97
2014-6-13,64,62,59,61,59,55,100,89,78,30.06,29.92,29.79,10,3,0,23,10,31,0.54,8,Fog-Rain,73
2014-6-14,77,68,58,63,58,50,100,79,57,29.90,29.84,29.81,10,6,0,18,8,26,0.01,7,Fog-Rain,356
2014-6-15,80,69,58,54,51,46,75,56,36,30.05,29.97,29.90,10,10,10,20,12,26,0.00,4,,312
2014-6-16,73,68,62,54,49,46,59,50,41,30.15,30.09,30.03,10,10,10,17,10,20,0.00,5,,65
2014-6-17,84,73,62,68,62,52,84,70,55,30.06,29.98,29.87,10,9,6,17,11,21,0.02,6,Rain,204
2014-6-18,87,78,68,66,61,56,87,64,40,29.94,29.81,29.73,10,10,6,32,14,43,T,5,Rain,275
2014-6-19,84,76,67,61,51,34,68,45,21,29.96,29.93,29.89,10,10,10,20,11,24,0.00,5,,317
2014-6-20,77,69,61,46,41,37,52,38,24,29.98,29.93,29.88,10,10,10,21,12,28,0.00,2,,319
2014-6-21,75,66,57,54,46,40,67,50,33,29.97,29.93,29.88,10,10,10,15,7,22,0.00,3,,318
2014-6-22,71,65,59,52,47,42,67,56,44,30.04,29.98,29.93,10,10,10,16,8,20,0.00,3,,91
2014-6-23,77,68,59,57,53,47,84,65,45,30.18,30.12,30.05,10,10,10,21,9,25,0.00,3,,146
2014-6-24,84,72,60,59,56,52,84,63,42,30.18,30.10,30.02,10,10,10,23,13,28,0.00,4,,197
2014-6-25,89,78,66,68,63,53,84,65,46,30.01,29.93,29.86,10,10,10,22,15,28,0.00,3,,212
2014-6-26,81,71,60,73,65,54,94,82,69,30.02,29.86,29.79,10,9,2,20,10,24,0.28,7,Rain,129
2014-6-27,72,66,59,56,47,35,84,56,28,30.21,30.12,30.01,10,10,10,16,8,21,0.00,2,,85
2014-6-28,80,70,59,58,52,40,72,54,35,30.27,30.25,30.21,10,10,10,12,7,26,0.00,3,,157
2014-6-29,86,74,62,60,55,48,78,54,29,30.26,30.19,30.11,10,10,10,18,9,23,0.00,5,,190
2014-6-30,89,77,64,64,59,54,78,59,39,30.10,30.00,29.92,10,10,10,20,13,28,0.00,3,,223
2014-7-1,89,79,69,70,65,57,84,67,50,29.94,29.86,29.80,10,10,10,24,14,30,0.00,5,,214
2014-7-2,91,82,73,72,69,65,79,66,52,29.92,29.88,29.82,10,10,10,25,15,32,T,3,Rain,203
2014-7-3,92,81,69,72,70,66,87,69,50,30.01,29.94,29.88,10,9,1,28,10,43,0.28,6,Rain-Thunderstorm,204
2014-7-4,76,70,64,70,65,62,97,85,73,30.00,29.92,29.79,10,5,1,21,8,26,1.88,7,Rain,2
2014-7-5,80,70,59,63,53,40,93,61,29,30.00,29.88,29.76,10,9,3,30,17,40,0.35,6,Rain,292
2014-7-6,85,76,66,59,51,45,66,49,31,30.00,29.93,29.86,10,10,10,25,15,33,0.00,2,,243
2014-7-7,88,79,69,67,64,60,78,62,46,29.87,29.78,29.69,10,10,4,26,15,33,0.08,4,Rain-Thunderstorm,220
2014-7-8,92,83,73,68,66,64,84,64,44,29.80,29.74,29.69,10,10,7,21,15,32,T,6,Rain,218
2014-7-9,88,81,73,69,64,60,87,65,42,29.94,29.81,29.66,10,10,7,21,14,26,0.00,5,,221
2014-7-10,82,74,66,61,56,51,81,59,36,30.14,30.06,29.94,10,10,10,9,8,13,0.00,4,,272
2014-7-11,73,68,63,61,57,55,84,71,57,30.24,30.20,30.14,10,10,10,13,7,16,0.00,4,,67
2014-7-12,80,71,62,63,60,57,84,66,48,30.22,30.18,30.11,10,10,10,17,8,22,0.00,1,,163
2014-7-13,85,77,68,66,61,58,79,61,43,30.12,30.01,29.90,10,10,10,25,16,30,T,5,,202
2014-7-14,86,79,71,73,70,66,100,81,61,29.91,29.88,29.86,10,7,1,18,10,23,0.67,8,Rain,203
2014-7-15,85,78,71,74,72,70,100,85,70,29.86,29.80,29.75,10,8,1,21,11,25,T,8,Rain,191
2014-7-16,76,73,69,72,70,63,93,81,68,29.85,29.78,29.76,10,7,0,18,8,23,0.85,8,Fog-Rain-Thunderstorm,194
2014-7-17,81,74,67,62,57,54,73,58,42,30.07,29.94,29.85,10,10,10,14,8,24,0.00,5,,293
2014-7-18,76,71,65,60,56,52,81,64,46,30.23,30.17,30.07,10,10,10,14,8,17,0.00,3,,137
2014-7-19,72,68,63,62,61,58,93,83,73,30.27,30.24,30.22,10,10,8,12,5,14,0.00,6,,98
2014-7-20,72,67,61,63,59,55,93,75,57,30.22,30.19,30.15,10,10,10,13,7,17,T,7,,56
2014-7-21,73,67,61,62,61,59,100,84,68,30.21,30.18,30.15,10,8,1,14,6,16,0.00,4,Fog,52
2014-7-22,87,75,63,68,65,61,93,72,50,30.15,30.08,29.99,10,10,10,20,10,26,0.00,2,,187
2014-7-23,92,82,71,72,68,64,79,64,49,29.98,29.85,29.75,10,10,10,23,13,26,0.00,4,,217
2014-7-24,76,70,63,68,64,61,93,81,68,29.91,29.82,29.75,10,10,9,16,8,20,T,7,,35
2014-7-25,83,73,62,60,54,49,76,56,36,29.98,29.94,29.90,10,9,7,15,8,21,0.00,2,,279
2014-7-26,85,75,64,63,58,53,78,58,37,29.98,29.93,29.87,10,10,9,24,12,32,0.00,3,,219
2014-7-27,80,73,66,70,67,63,97,82,67,29.89,29.77,29.68,10,8,1,23,9,30,0.35,6,Rain,193
2014-7-28,84,75,65,72,67,62,100,77,54,29.68,29.56,29.44,10,7,1,23,11,29,0.11,6,Rain-Thunderstorm,179
2014-7-29,79,72,64,62,57,53,78,63,47,29.94,29.79,29.55,10,10,10,18,9,25,0.00,3,,265
2014-7-30,78,71,63,59,55,47,73,55,36,30.04,29.99,29.95,10,10,10,14,7,23,0.00,3,,205
2014-7-31,81,72,62,62,58,55,84,66,48,30.17,30.09,30.04,10,10,10,18,10,23,0.00,3,,199
2014-8-1,82,74,65,67,64,61,87,73,58,30.22,30.20,30.16,10,10,7,20,9,23,0.00,4,,177
2014-8-2,72,67,62,67,61,56,93,86,78,30.24,30.19,30.13,10,8,5,13,5,16,0.03,7,Rain,102
2014-8-3,70,66,62,63,60,59,93,85,76,30.14,30.11,30.06,10,9,7,13,5,15,T,7,Rain,73
2014-8-4,80,71,62,67,65,61,100,81,62,30.04,30.02,29.99,10,9,5,15,8,18,T,3,,185
2014-8-5,82,76,70,68,66,64,90,74,58,30.03,29.96,29.88,10,10,8,16,8,20,0.00,2,,163
2014-8-6,83,77,70,65,60,48,73,53,33,29.86,29.83,29.78,10,10,10,16,8,22,0.01,6,,319
2014-8-7,79,72,64,61,54,51,78,60,42,29.94,29.88,29.83,10,10,7,20,8,23,0.01,3,Rain,299
2014-8-8,85,73,61,55,53,47,78,53,28,30.02,29.98,29.93,10,10,10,16,10,22,0.00,2,,302
2014-8-9,78,72,65,60,56,52,68,56,43,30.09,30.06,30.01,10,10,10,14,8,18,0.00,1,,195
2014-8-10,80,73,66,62,57,50,81,59,37,30.14,30.11,30.08,10,10,10,14,8,17,0.00,2,,97
2014-8-11,84,75,65,61,59,56,81,62,42,30.15,30.12,30.09,10,10,10,17,9,22,0.00,2,,189
2014-8-12,82,73,64,64,62,57,93,71,48,30.13,30.09,30.04,10,10,10,18,9,22,0.00,5,,154
2014-8-13,69,67,64,70,64,63,100,91,81,30.01,29.79,29.61,10,5,1,25,14,31,1.06,8,Rain,111
2014-8-14,77,70,62,61,53,47,90,63,36,29.87,29.77,29.66,10,10,10,21,12,29,0.00,2,,273
2014-8-15,75,68,60,57,52,50,84,63,41,29.93,29.88,29.83,10,10,10,18,8,29,T,6,Rain,269
2014-8-16,78,70,61,57,52,50,73,55,37,29.97,29.93,29.92,10,10,10,21,12,28,0.00,7,,234
2014-8-17,81,73,64,62,58,52,93,69,45,29.91,29.82,29.76,10,10,10,23,9,29,T,5,,260
2014-8-18,79,71,62,54,51,46,72,54,36,29.88,29.82,29.79,10,10,10,18,10,23,0.00,2,,311
2014-8-19,74,67,59,56,52,49,73,61,49,29.96,29.91,29.87,10,10,10,17,8,18,0.00,1,,89
2014-8-20,74,67,59,61,58,53,93,73,53,30.06,30.02,29.96,10,10,10,15,5,18,0.00,2,,94
2014-8-21,72,66,60,64,62,59,97,85,73,30.11,30.08,30.06,10,10,10,14,6,15,0.00,6,,60
2014-8-22,72,68,63,65,62,60,93,81,68,30.11,30.09,30.07,10,10,6,15,10,18,0.08,7,Rain,34
2014-8-23,72,67,61,61,58,53,90,76,61,30.14,30.12,30.09,10,10,10,17,9,20,0.00,4,,32
2014-8-24,75,69,63,58,54,51,72,59,46,30.15,30.13,30.11,10,10,9,10,6,,0.00,2,,125
2014-8-25,81,74,67,63,60,57,78,64,49,30.15,30.12,30.10,10,10,10,13,7,15,0.00,1,,104
2014-8-26,85,75,64,66,63,61,93,72,51,30.16,30.10,30.03,10,10,9,18,11,23,0.00,1,,185
2014-8-27,91,79,67,70,64,58,82,63,44,30.04,29.92,29.84,10,10,10,21,13,33,0.02,3,Rain,226
2014-8-28,82,73,64,69,54,44,87,59,30,29.99,29.84,29.79,10,10,10,22,13,29,0.00,3,,326
2014-8-29,71,65,59,56,52,48,84,69,53,30.28,30.16,30.00,10,10,10,17,10,22,0.00,2,,57
2014-8-30,79,69,58,60,56,51,93,66,39,30.31,30.23,30.14,10,10,10,18,10,25,0.00,2,,194
2014-8-31,85,76,67,73,69,61,100,81,61,30.13,30.02,29.95,10,9,1,23,13,30,0.54,7,Rain,217
2014-9-1,85,79,72,72,70,67,93,74,55,29.99,29.94,29.91,10,10,10,14,8,17,0.00,5,,188
2014-9-2,93,82,71,74,71,68,93,70,47,29.93,29.84,29.73,10,10,4,21,9,26,0.01,3,Rain-Thunderstorm,214
2014-9-3,85,79,72,71,59,52,87,62,36,30.08,29.92,29.70,10,10,9,22,12,28,0.00,3,,279
2014-9-4,83,75,66,60,57,54,73,58,42,30.19,30.13,30.08,10,10,10,18,8,25,0.00,1,,233
2014-9-5,91,79,67,70,65,60,82,63,44,30.16,30.08,29.97,10,10,10,21,12,30,0.00,1,,212
2014-9-6,92,81,69,72,69,62,87,68,49,29.97,29.87,29.75,10,9,1,31,15,45,0.22,5,Rain-Thunderstorm,246
2014-9-7,76,70,63,61,57,47,81,59,36,30.21,30.06,29.92,10,10,7,18,8,24,0.15,4,Rain,5
2014-9-8,71,65,59,58,54,52,78,69,59,30.39,30.34,30.22,10,10,10,17,10,23,0.00,3,,51
2014-9-9,69,65,61,60,56,52,93,74,55,30.36,30.29,30.20,10,10,10,14,10,17,0.00,5,,59
2014-9-10,70,65,60,61,59,57,97,82,66,30.19,30.13,30.04,10,9,2,14,8,23,0.00,6,,32
2014-9-11,80,71,62,68,62,59,100,79,58,30.04,29.91,29.77,10,8,3,26,13,32,0.00,7,,200
2014-9-12,68,62,56,57,50,46,78,63,48,30.24,30.08,29.91,10,10,10,17,9,23,0.00,2,,337
2014-9-13,67,60,53,59,53,46,97,80,63,30.29,30.20,30.11,10,9,2,17,11,22,0.13,7,Rain,22
2014-9-14,66,59,52,57,47,41,93,68,42,30.23,30.18,30.10,10,10,10,20,10,25,0.00,3,,309
2014-9-15,67,58,48,48,45,41,80,61,42,30.25,30.18,30.11,10,10,10,13,7,17,0.00,2,,35
2014-9-16,65,60,55,55,52,49,84,74,63,30.11,30.01,29.96,10,10,10,13,5,14,T,5,Rain,175
2014-9-17,69,62,54,53,50,44,86,66,45,30.02,29.98,29.94,10,10,10,15,7,17,0.00,1,,213
2014-9-18,75,65,55,51,47,41,72,54,35,30.15,29.99,29.94,10,10,10,20,7,24,0.00,3,,322
2014-9-19,56,51,46,40,35,30,65,53,41,30.43,30.36,30.17,10,10,10,16,10,20,0.00,2,,59
2014-9-20,73,60,47,56,48,38,82,66,49,30.40,30.26,30.10,10,10,10,22,12,26,0.00,3,,189
2014-9-21,82,73,63,68,64,57,97,80,62,30.08,29.78,29.55,10,10,5,17,8,21,0.01,7,Rain,170
2014-9-22,74,64,53,68,52,38,97,66,35,30.09,29.73,29.53,10,10,10,26,15,33,0.00,2,,266
2014-9-23,72,61,50,48,41,38,66,51,35,30.43,30.26,30.11,10,10,10,15,7,21,0.00,2,,280
2014-9-24,66,60,54,55,51,48,83,74,64,30.63,30.57,30.44,10,10,10,15,10,20,0.00,3,,52
2014-9-25,62,58,53,52,51,49,83,76,69,30.55,30.41,30.25,10,10,10,12,7,14,0.00,6,,47
2014-9-26,69,62,54,55,51,48,80,68,55,30.24,30.20,30.15,10,10,9,10,5,12,0.00,3,,27
2014-9-27,81,71,60,58,55,52,84,62,39,30.18,30.15,30.12,10,10,10,10,5,14,0.00,0,,249
2014-9-28,87,74,60,61,60,58,90,65,40,30.16,30.07,29.98,10,10,7,13,5,26,0.00,1,,211
2014-9-29,74,66,57,61,58,56,93,75,57,30.02,29.98,29.95,10,8,1,18,10,23,T,6,Rain,14
2014-9-30,57,57,56,56,55,54,100,97,93,30.06,30.02,30.00,10,8,1,17,9,21,0.18,8,Rain,20
2014-10-1,57,57,56,56,56,55,100,97,93,30.11,30.07,30.01,10,4,2,25,16,30,1.16,8,Rain,29
2014-10-2,56,54,51,56,52,46,100,92,83,30.18,30.15,30.10,10,8,2,22,14,28,0.16,7,Rain,22
2014-10-3,55,52,48,54,50,46,100,89,77,30.14,30.04,29.91,10,8,2,14,8,17,0.01,6,Rain,3
2014-10-4,63,58,53,63,57,53,100,97,93,29.91,29.71,29.53,10,4,0,20,8,24,0.35,8,Fog-Rain,107
2014-10-5,61,55,49,59,42,33,97,67,36,29.95,29.74,29.54,10,10,10,20,12,24,0.00,2,,260
2014-10-6,67,55,43,51,42,38,86,60,34,30.16,30.09,29.97,10,10,10,20,8,23,0.00,0,,192
2014-10-7,73,64,55,63,57,52,93,71,49,30.15,30.07,29.98,10,10,8,30,13,38,0.01,5,Rain,172
2014-10-8,73,66,58,63,54,40,93,66,38,29.97,29.80,29.70,10,10,10,25,14,37,0.01,5,Rain,215
2014-10-9,66,58,50,43,37,32,61,46,31,30.00,29.92,29.88,10,10,10,24,12,31,0.00,2,,250
2014-10-10,63,57,51,38,36,35,59,48,36,30.14,30.07,30.01,10,10,10,18,10,24,0.00,4,,281
2014-10-11,54,51,47,46,42,36,93,72,50,30.14,30.11,30.07,10,9,5,10,5,15,0.31,6,Rain,325
2014-10-12,59,52,44,44,40,38,93,70,47,30.31,30.24,30.14,10,10,10,14,9,18,0.00,1,,282
2014-10-13,63,54,45,54,46,40,82,69,55,30.37,30.32,30.26,10,10,10,16,8,22,0.00,6,,205
2014-10-14,78,68,57,63,60,54,93,75,56,30.26,30.21,30.16,10,10,7,23,11,28,0.00,5,,201
2014-10-15,81,71,61,66,63,60,93,74,54,30.16,30.08,29.98,10,10,10,23,9,30,0.00,4,,168
2014-10-16,70,65,60,68,64,60,100,94,87,29.96,29.82,29.66,10,8,1,28,10,35,0.63,8,Rain,147
2014-10-17,71,64,57,61,57,50,100,76,51,29.70,29.65,29.62,10,9,5,23,11,31,0.00,3,,210
2014-10-18,71,63,55,59,56,48,100,81,61,29.66,29.58,29.49,10,10,9,22,12,26,T,5,,217
2014-10-19,56,50,43,47,35,25,77,61,44,29.96,29.78,29.60,10,10,10,20,14,29,0.00,7,,311
2014-10-20,58,49,39,41,30,23,68,52,36,30.07,30.01,29.96,10,10,10,20,11,28,0.00,4,,240
2014-10-21,62,56,49,56,52,42,96,85,74,30.01,29.96,29.91,10,10,9,16,7,18,T,6,Rain,82
2014-10-22,56,53,50,54,50,48,100,95,89,30.02,29.91,29.77,10,4,1,44,25,54,0.87,8,Rain-Thunderstorm,26
2014-10-23,54,51,48,54,50,48,100,97,93,29.77,29.65,29.58,10,4,2,38,25,48,2.25,8,Rain-Thunderstorm,13
2014-10-24,52,49,46,49,46,41,100,86,71,29.74,29.69,29.66,10,8,2,16,11,23,0.05,8,Rain,323
2014-10-25,64,55,46,46,42,38,86,62,37,29.76,29.66,29.49,10,10,10,17,10,23,0.00,4,,260
2014-10-26,59,53,47,46,40,36,67,57,47,29.71,29.53,29.45,10,10,10,24,13,33,T,5,,270
2014-10-27,63,55,46,39,38,36,71,55,39,30.03,29.87,29.72,10,10,10,21,11,28,0.00,1,,283
2014-10-28,60,53,45,53,47,39,100,86,71,30.09,30.01,29.95,10,10,7,14,4,17,0.00,5,,88
2014-10-29,74,63,52,60,53,41,93,71,49,29.94,29.85,29.75,10,7,1,21,7,32,0.02,8,Rain,282
2014-10-30,59,53,46,44,39,36,80,62,43,30.00,29.93,29.88,10,10,10,16,8,22,0.00,2,,301
2014-10-31,54,50,45,39,37,35,76,66,56,30.05,30.01,29.96,10,10,10,18,11,23,0.00,8,,40
2014-11-1,49,44,39,44,39,34,93,77,61,29.94,29.86,29.78,10,7,2,29,17,36,0.59,8,Rain,4
2014-11-2,42,38,34,36,29,15,89,62,34,29.81,29.69,29.62,10,8,1,35,21,44,0.31,7,Rain-Snow,328
2014-11-3,53,45,36,30,18,8,47,32,16,30.06,29.95,29.83,10,10,10,28,15,37,0.00,2,,278
2014-11-4,57,51,45,44,35,28,71,53,35,30.14,30.08,30.00,10,10,10,15,6,18,0.00,5,,169
2014-11-5,66,57,47,48,40,31,77,56,34,30.13,30.02,29.96,10,10,9,20,9,25,0.00,7,,243
2014-11-6,51,49,46,48,45,38,100,83,66,30.11,29.84,29.49,10,5,1,18,5,24,0.59,7,Rain,79
2014-11-7,49,44,39,47,37,24,93,73,53,29.79,29.54,29.46,10,8,2,25,14,36,T,7,Rain,300
2014-11-8,48,42,35,31,25,21,65,51,37,29.96,29.90,29.81,10,10,10,20,10,26,0.00,5,,245
2014-11-9,56,48,40,37,33,30,70,57,43,30.02,29.93,29.88,10,10,10,16,8,21,0.00,7,,261
2014-11-10,58,48,37,46,35,31,93,66,39,30.21,30.14,30.03,10,10,10,12,5,15,0.00,3,,192
2014-11-11,63,53,42,51,47,38,100,80,60,30.19,30.09,29.98,10,9,2,15,5,21,0.00,5,,163
2014-11-12,60,53,46,54,49,32,100,75,50,30.01,29.92,29.85,10,3,0,17,5,22,0.00,6,Fog,118
2014-11-13,50,44,38,35,29,24,85,62,39,30.09,30.01,29.96,10,10,7,15,8,22,0.06,5,Rain,298
2014-11-14,44,39,33,34,27,16,100,67,33,30.10,29.96,29.91,10,8,2,20,11,25,0.23,5,Rain-Snow,311
2014-11-15,40,35,30,23,16,11,66,49,32,30.34,30.24,30.11,10,10,10,16,9,21,0.00,1,,295
2014-11-16,42,36,29,31,23,17,70,57,44,30.39,30.29,30.14,10,10,10,20,8,24,T,6,Rain,220
2014-11-17,48,43,37,48,41,30,100,83,65,30.12,29.75,29.43,10,4,1,21,6,25,1.64,8,Rain,358
2014-11-18,44,36,27,41,19,4,100,66,32,29.93,29.70,29.46,10,10,10,25,16,33,0.00,2,,270
2014-11-19,37,31,24,15,9,5,53,41,29,30.14,30.08,29.94,10,10,10,23,14,31,0.00,2,,245
2014-11-20,48,40,31,22,18,14,63,47,31,30.05,29.89,29.74,10,10,10,29,14,37,0.00,3,,249
2014-11-21,36,32,27,15,10,4,53,42,31,30.42,30.17,29.93,10,10,10,26,15,35,0.00,1,,286
2014-11-22,44,34,24,23,13,7,60,41,22,30.44,30.26,30.06,10,10,10,28,16,33,0.00,5,,233
2014-11-23,59,51,42,38,32,22,76,59,41,30.14,30.11,30.06,10,10,10,18,9,22,T,5,,223
2014-11-24,65,54,42,62,53,38,100,88,76,30.09,29.79,29.59,10,7,2,26,15,36,0.28,6,Rain,174
2014-11-25,62,55,48,55,40,26,93,61,28,30.12,29.88,29.70,10,10,9,20,12,26,0.00,6,,234
2014-11-26,50,42,33,37,33,28,100,71,42,30.21,29.99,29.68,10,5,1,31,15,38,1.44,8,Rain-Snow,1
2014-11-27,38,35,31,32,29,26,92,81,70,30.01,29.92,29.70,10,7,2,21,10,29,0.02,8,Rain-Snow,318
2014-11-28,35,31,27,28,24,16,92,72,51,30.22,30.06,29.99,10,6,1,20,11,25,0.11,6,Snow,314
2014-11-29,34,29,23,24,16,13,68,55,41,30.35,30.31,30.24,10,10,10,13,7,21,0.00,2,,248
2014-11-30,57,45,32,43,37,25,85,66,47,30.27,30.13,30.03,10,10,10,23,12,30,0.00,7,,197
2014-12-1,64,52,39,46,40,26,74,63,52,30.45,30.13,30.01,10,10,10,22,13,29,0.01,6,Rain,268
2014-12-2,42,38,33,40,27,17,92,72,51,30.71,30.59,30.40,10,8,2,24,15,29,0.10,7,Rain-Snow,62
2014-12-3,51,44,37,49,42,24,100,79,57,30.40,30.07,29.87,10,5,1,29,12,38,0.44,8,Rain,254
2014-12-4,43,37,30,24,21,13,69,54,39,30.56,30.33,30.09,10,10,10,25,12,33,0.00,3,,292
2014-12-5,42,34,26,37,25,12,85,66,47,30.68,30.59,30.45,10,10,5,22,10,26,0.11,5,Rain,61
2014-12-6,45,42,38,45,40,36,100,93,85,30.42,30.24,30.16,10,4,0,22,8,25,1.09,8,Rain,313
2014-12-7,38,30,21,36,20,-3,92,61,29,30.69,30.46,30.24,10,10,5,25,15,32,0.13,6,Rain,350
2014-12-8,29,24,18,28,16,3,92,70,47,30.77,30.67,30.51,10,8,2,21,13,28,0.03,8,Snow,354
2014-12-9,49,39,29,49,41,28,100,93,86,30.51,30.04,29.49,10,2,1,38,20,52,2.90,8,Rain,38
2014-12-10,48,43,38,45,39,37,100,95,89,29.58,29.50,29.43,10,3,1,23,13,29,0.28,8,Rain,357
2014-12-11,39,36,32,37,31,27,92,87,82,29.81,29.61,29.44,10,7,1,21,13,28,0.02,8,Rain-Snow,230
2014-12-12,39,35,31,28,27,25,85,75,64,29.88,29.85,29.81,10,10,7,16,11,21,T,7,Snow,286
2014-12-13,42,37,32,28,26,24,75,65,55,29.86,29.82,29.78,10,10,10,17,12,23,T,5,,298
2014-12-14,45,39,33,29,27,25,82,68,53,29.91,29.83,29.78,10,10,10,15,10,20,0.00,4,,306
2014-12-15,42,37,32,33,29,27,89,75,60,30.15,30.05,29.91,10,10,10,15,6,21,0.00,2,,324
2014-12-16,44,40,35,42,36,30,96,85,73,30.17,30.09,29.92,10,9,5,8,4,10,T,8,Rain,79
2014-12-17,49,45,41,46,41,32,100,85,70,29.91,29.75,29.69,10,6,1,20,11,26,0.43,8,Rain,311
2014-12-18,44,40,36,34,30,26,89,73,57,29.87,29.78,29.71,10,10,10,23,14,30,0.01,7,Rain,281
2014-12-19,37,33,29,25,22,20,69,63,56,30.15,29.98,29.86,10,10,10,17,11,23,0.00,4,,305
2014-12-20,36,32,27,30,24,20,89,79,69,30.31,30.26,30.17,10,10,7,21,10,26,T,6,Snow,350
2014-12-21,36,33,30,30,27,25,85,77,69,30.37,30.32,30.28,10,9,6,16,9,20,T,8,Snow,2
2014-12-22,44,39,33,39,34,25,89,79,69,30.40,30.35,30.30,10,10,4,18,8,22,0.05,7,Rain,24
2014-12-23,47,45,42,45,42,37,100,91,82,30.31,30.23,30.16,10,5,1,20,13,25,0.25,8,Rain,63
2014-12-24,46,44,41,46,44,41,100,98,96,30.13,29.90,29.55,2,1,0,13,6,15,0.56,8,Fog-Rain,12
2014-12-25,59,52,44,58,43,29,100,75,49,29.96,29.63,29.47,10,8,1,28,14,40,0.14,6,Rain,250
2014-12-26,50,44,37,31,29,28,70,60,49,30.16,30.11,29.99,10,10,10,18,11,25,0.00,1,,255
2014-12-27,52,45,38,34,31,29,70,60,50,30.22,30.14,30.03,10,10,10,17,9,21,0.00,3,,251
2014-12-28,52,46,40,42,35,27,76,65,53,29.99,29.87,29.77,10,10,10,22,14,31,0.01,8,Rain,252
2014-12-29,41,36,30,26,20,10,64,51,37,30.22,30.12,30.00,10,10,10,15,9,22,0.00,4,,288
2014-12-30,30,26,22,10,4,-6,50,38,26,30.36,30.32,30.23,10,10,10,16,10,21,0.00,2,,313
2014-12-31,30,25,20,8,5,1,57,44,31,30.32,30.25,30.13,10,10,10,17,9,22,0.00,1,,269
2015-1-1,33,28,22,16,8,5,53,43,32,30.10,30.00,29.92,10,10,10,23,14,29,0.00,3,,230
2015-1-2,41,36,31,17,15,11,53,45,37,30.45,30.13,29.95,10,10,10,26,13,32,0.00,3,,260
2015-1-3,37,30,22,36,20,8,100,72,43,30.68,30.54,30.24,10,6,1,22,10,25,0.62,7,Rain-Snow,81
2015-1-4,52,44,35,50,41,34,100,95,89,30.16,29.81,29.57,10,4,0,17,8,26,0.57,8,Fog-Rain,260
2015-1-5,50,34,17,39,13,-6,65,47,29,30.30,29.93,29.61,10,10,10,37,22,49,0.00,2,,280
2015-1-6,18,17,15,11,5,-5,80,59,37,30.37,30.22,30.00,10,7,1,22,9,28,0.02,6,Snow,262
2015-1-7,26,15,4,12,3,-13,88,58,28,30.11,29.90,29.76,10,9,2,31,16,40,T,3,Snow,272
2015-1-8,19,9,-1,7,-8,-18,56,49,41,30.34,30.25,30.13,10,10,10,25,14,32,0.00,1,,259
2015-1-9,30,25,19,22,14,8,88,65,42,30.15,30.00,29.89,10,8,1,25,14,35,0.01,4,Snow,240
2015-1-10,24,21,17,8,3,-2,62,49,35,30.50,30.34,30.15,10,10,10,20,12,23,0.00,1,,263
2015-1-11,33,24,15,22,6,-1,63,49,34,30.66,30.58,30.48,10,10,10,17,10,24,0.00,6,,226
2015-1-12,38,36,33,36,28,17,100,72,44,30.45,30.23,30.11,10,7,1,17,9,23,0.20,8,Rain,242
2015-1-13,35,25,15,25,5,-4,75,56,36,30.67,30.52,30.19,10,10,10,21,11,26,0.00,3,,347
2015-1-14,25,20,14,21,10,-4,88,67,46,30.61,30.40,30.18,10,10,6,13,9,16,T,8,Snow,323
2015-1-15,31,28,25,27,24,13,92,78,63,30.18,30.00,29.81,10,5,0,15,10,21,0.12,8,Fog-Snow,302
2015-1-16,38,27,15,21,10,-4,71,52,33,30.11,29.82,29.68,10,10,9,29,16,39,0.00,2,,263
2015-1-17,22,16,9,11,-3,-9,67,46,25,30.38,30.31,30.14,10,10,10,22,11,31,0.00,1,,253
2015-1-18,51,36,20,45,35,13,93,80,67,30.26,29.93,29.55,10,10,5,26,10,33,0.15,8,Rain,164
2015-1-19,46,39,32,43,30,20,86,70,53,29.73,29.65,29.55,10,10,10,23,15,31,0.00,3,,262
2015-1-20,39,33,27,20,13,5,59,44,29,29.98,29.83,29.75,10,10,10,23,14,30,0.00,3,,270
2015-1-21,34,28,22,25,14,5,75,57,38,30.21,30.15,30.00,10,10,10,14,7,20,0.00,5,,357
2015-1-22,37,33,29,26,22,19,78,67,56,30.22,30.19,30.16,10,10,8,14,7,17,T,6,Snow,335
2015-1-23,37,31,24,20,15,9,68,54,39,30.28,30.15,29.93,10,10,10,16,10,22,0.00,2,,259
2015-1-24,34,33,31,32,29,21,100,82,63,29.92,29.52,29.16,10,3,0,18,10,24,0.71,8,Fog-Rain-Snow,290
2015-1-25,38,29,19,28,17,4,78,55,32,30.04,29.66,29.31,10,10,10,25,14,33,0.00,4,,284
2015-1-26,29,20,11,25,15,-2,92,71,49,30.15,30.05,29.81,10,5,0,33,16,43,0.10,8,Fog-Snow,23
2015-1-27,19,17,14,14,11,7,92,85,77,29.76,29.59,29.49,4,1,0,32,22,45,0.95,8,Fog-Snow,335
2015-1-28,24,19,13,9,6,0,80,63,45,30.24,29.89,29.67,10,7,1,20,13,26,0.01,6,Snow,305
2015-1-29,32,21,10,22,10,-2,75,57,39,30.32,30.23,30.06,10,10,7,13,4,17,T,3,,245
2015-1-30,34,27,19,31,26,7,92,78,63,30.06,29.82,29.71,10,6,1,32,12,44,0.06,8,Snow,223
2015-1-31,21,16,11,7,0,-8,83,56,28,30.04,29.84,29.72,10,6,0,36,22,48,0.05,5,Snow,302
2015-2-1,30,21,12,11,2,-6,67,48,29,30.16,30.12,30.04,10,10,10,22,12,29,0.00,4,,289
2015-2-2,31,21,10,29,13,-5,100,67,34,30.12,29.69,29.48,10,2,0,36,18,45,0.78,7,Fog-Snow,360
2015-2-3,22,14,6,7,1,-3,73,56,39,30.31,30.12,29.72,10,9,4,24,13,33,0.00,1,Snow,265
2015-2-4,38,26,14,30,17,3,75,64,53,30.32,30.16,29.94,10,10,10,20,9,26,0.00,7,,209
2015-2-5,36,22,7,32,18,-7,89,66,42,30.12,29.93,29.82,10,6,0,30,15,40,0.09,7,Fog-Rain-Snow,303
2015-2-6,21,13,5,6,-1,-8,60,53,46,30.17,30.10,30.04,10,10,10,21,12,29,T,3,,263
2015-2-7,29,23,16,27,17,5,92,74,55,30.10,30.05,30.01,10,7,1,20,11,26,0.07,7,Snow,226
2015-2-8,29,21,13,27,20,10,100,90,80,30.08,30.05,30.01,7,2,1,22,14,28,0.37,8,Snow,8
2015-2-9,25,20,14,21,14,10,92,86,80,30.16,30.12,30.08,4,1,0,26,15,32,0.88,8,Fog-Snow,351
2015-2-10,30,22,14,21,15,10,88,76,63,30.13,30.10,30.06,10,8,1,21,11,24,0.05,7,Snow,359
2015-2-11,25,20,14,17,12,6,77,69,61,30.14,30.07,29.94,10,7,1,23,12,31,0.01,7,Snow,354
2015-2-12,30,23,16,25,17,7,92,77,61,29.92,29.76,29.69,10,6,0,16,5,21,0.03,8,Fog-Snow,321
2015-2-13,22,15,7,11,-5,-10,77,55,33,30.11,29.95,29.74,10,10,8,28,17,37,0.00,2,,296
2015-2-14,30,17,3,29,11,-9,100,73,45,30.10,29.77,29.46,10,6,1,22,10,24,0.23,6,Snow,181
2015-2-15,20,9,-2,18,9,-13,92,71,50,29.82,29.49,29.30,10,3,0,33,21,51,0.39,6,Fog-Snow,320
2015-2-16,19,8,-3,-6,-11,-16,56,44,31,30.04,29.91,29.81,10,9,2,31,20,41,0.00,3,Snow,290
2015-2-17,23,17,10,18,6,-7,84,63,42,30.03,29.93,29.85,10,7,1,14,8,18,0.02,7,Snow,338
2015-2-18,29,23,17,23,16,8,81,66,50,29.95,29.83,29.70,10,8,1,14,5,17,0.01,8,Snow,337
2015-2-19,30,20,10,24,14,-5,92,71,50,29.73,29.61,29.53,10,6,1,30,14,40,0.06,6,Snow,263
2015-2-20,20,13,5,-4,-6,-10,55,45,34,30.43,30.04,29.74,10,10,10,28,19,35,0.00,2,,273
2015-2-21,34,19,4,32,16,-5,92,70,48,30.53,30.36,30.16,10,5,1,26,11,35,0.17,6,Rain-Snow,201
2015-2-22,39,34,28,33,29,24,100,85,70,30.17,30.14,30.10,10,8,1,13,5,16,0.11,8,Rain-Snow,245
2015-2-23,33,19,4,23,2,-14,72,51,30,30.32,30.18,30.10,10,10,10,25,15,35,0.00,5,,298
2015-2-24,19,11,2,15,-4,-15,80,60,39,30.33,30.18,29.88,10,10,5,20,9,24,T,6,Snow,221
2015-2-25,35,25,14,19,11,2,92,63,33,30.01,29.80,29.70,10,8,2,22,11,29,0.07,4,Snow,287
2015-2-26,22,20,17,16,8,2,84,65,45,30.12,30.05,29.97,10,8,1,18,9,21,0.02,8,Snow,351
2015-2-27,27,21,15,1,-2,-5,52,41,29,30.55,30.34,30.14,10,10,10,14,8,18,0.00,2,,305
2015-2-28,31,22,12,4,1,-1,58,43,27,30.75,30.69,30.56,10,10,10,15,9,20,0.00,0,,273
2015-3-1,30,21,12,27,16,2,92,66,40,30.71,30.46,30.12,10,6,1,20,6,23,0.17,7,Snow,206
2015-3-2,37,32,26,27,19,7,92,67,41,30.25,30.03,29.93,10,9,1,30,14,41,0.01,6,Rain-Snow,280
2015-3-3,33,27,20,31,14,1,92,60,28,30.41,30.17,29.80,10,6,1,24,10,32,0.26,6,Rain-Snow,213
2015-3-4,43,38,33,36,32,29,92,75,57,29.87,29.75,29.64,10,10,2,21,11,30,0.02,8,Rain,236
2015-3-5,39,29,18,28,11,-4,76,56,35,30.32,30.07,29.85,10,9,2,20,12,28,T,8,Snow,316
2015-3-6,24,17,9,11,-1,-8,62,48,34,30.51,30.42,30.29,10,10,10,23,10,29,0.00,2,,277
2015-3-7,38,28,17,21,12,6,67,48,29,30.29,30.11,29.95,10,10,10,21,11,25,0.00,3,,226
2015-3-8,42,33,24,27,20,13,78,58,38,30.12,30.03,29.94,10,10,7,25,9,32,T,4,Snow,247
2015-3-9,48,37,26,22,19,16,81,56,31,30.24,30.11,30.05,10,10,10,25,10,37,0.00,3,,242
2015-3-10,48,40,31,39,28,19,100,69,37,30.34,30.19,30.00,10,8,1,17,7,21,0.06,7,Rain,193
2015-3-11,57,47,37,40,34,25,100,65,30,29.99,29.86,29.79,10,7,0,25,12,33,0.01,5,Fog-Rain,245
2015-3-12,43,34,25,27,12,1,59,42,25,30.56,30.28,29.94,10,10,10,32,17,41,0.00,2,,315
2015-3-13,40,32,24,24,7,1,69,45,21,30.64,30.53,30.37,10,10,10,18,11,23,0.00,4,,269
2015-3-14,39,35,31,39,32,19,100,80,59,30.36,30.03,29.63,10,4,0,15,8,20,0.80,7,Fog-Rain,56
2015-3-15,41,34,27,34,30,19,100,85,69,29.88,29.65,29.58,10,5,0,33,14,40,0.27,8,Fog-Rain-Snow,329
2015-3-16,45,36,26,23,14,5,63,41,19,29.95,29.86,29.77,10,10,10,18,9,25,0.00,2,,275
2015-3-17,51,40,28,41,27,4,100,66,31,29.74,29.58,29.38,10,8,2,38,14,51,0.14,5,Rain-Snow,250
2015-3-18,30,26,22,7,0,-6,46,35,23,30.08,29.88,29.74,10,10,10,36,22,52,0.00,1,,302
2015-3-19,34,27,19,0,-2,-4,39,30,21,30.34,30.19,30.09,10,10,10,30,16,41,0.00,1,,306
2015-3-20,32,28,23,26,13,0,100,67,33,30.40,30.32,30.19,10,7,1,12,4,26,0.05,7,Snow,150
2015-3-21,41,35,28,33,29,25,96,78,59,30.17,29.99,29.76,10,5,1,22,7,31,0.09,7,Snow,57
2015-3-22,39,30,21,23,5,-5,54,38,22,30.11,29.93,29.76,10,10,10,33,18,48,0.00,1,,296
2015-3-23,33,26,18,6,0,-6,49,38,26,30.23,30.13,30.08,10,10,10,24,15,31,0.00,0,,290
2015-3-24,35,28,20,24,15,6,72,59,46,30.35,30.31,30.24,10,10,10,13,8,16,0.00,4,,214
2015-3-25,49,39,28,34,22,16,85,60,34,30.42,30.33,30.17,10,10,10,22,9,28,0.04,4,Rain,181
2015-3-26,56,47,38,52,45,35,100,86,71,30.16,29.82,29.64,10,5,0,16,9,23,0.80,8,Fog-Rain,223
2015-3-27,44,41,37,43,38,35,96,88,79,29.76,29.71,29.65,10,9,3,13,5,15,0.21,8,Rain,9
2015-3-28,40,35,30,36,30,19,96,78,59,30.02,29.81,29.71,10,4,0,24,13,30,0.12,8,Fog-Rain-Snow,355
2015-3-29,42,34,26,19,11,3,59,40,20,30.22,30.13,30.04,10,10,10,17,9,22,0.00,3,,272
2015-3-30,45,38,30,33,27,17,69,59,48,30.08,29.84,29.72,10,9,2,29,13,35,T,6,Rain-Snow,214
2015-3-31,50,44,37,28,24,18,70,51,31,29.79,29.73,29.69,10,10,10,20,12,29,0.00,3,,279
2015-4-1,47,39,30,16,7,1,40,29,17,30.17,29.99,29.79,10,10,10,21,10,28,0.00,1,,332
2015-4-2,61,46,30,37,20,8,61,44,27,30.25,30.10,29.88,10,10,10,29,13,37,0.00,5,,223
2015-4-3,59,52,45,50,45,39,100,80,59,29.86,29.76,29.65,10,9,3,24,12,31,0.03,8,Rain,221
2015-4-4,52,44,36,48,36,13,100,66,31,30.08,29.63,29.40,10,6,0,37,16,49,0.39,6,Fog-Rain-Thunderstorm,269
2015-4-5,49,41,32,30,21,10,76,49,21,30.26,30.13,30.09,10,10,10,28,15,36,0.00,4,,243
2015-4-6,42,39,36,37,31,26,92,74,55,30.40,30.30,30.22,10,10,10,17,9,21,0.00,7,,70
2015-4-7,42,39,36,37,36,34,92,84,76,30.40,30.30,30.21,10,9,7,15,8,18,0.03,8,Rain,29
2015-4-8,42,38,34,34,31,25,92,73,54,30.51,30.43,30.37,10,8,4,24,17,30,0.26,6,Rain-Snow,52
2015-4-9,37,35,33,36,34,32,100,95,89,30.42,30.37,30.30,6,2,1,25,17,30,0.09,8,Rain,58
2015-4-10,55,46,36,52,42,36,100,95,89,30.30,29.94,29.65,10,4,0,20,8,25,0.09,8,Rain,114
2015-4-11,57,50,42,50,32,26,89,61,32,30.10,29.86,29.72,10,10,10,30,17,39,0.00,1,,274
2015-4-12,68,54,39,35,28,25,59,39,19,30.29,30.21,30.12,10,10,10,16,9,22,0.00,1,,258
2015-4-13,69,55,41,42,34,27,66,43,20,30.36,30.26,30.14,10,10,10,24,12,29,0.00,3,,194
2015-4-14,65,59,52,52,39,30,80,54,28,30.13,30.08,30.03,10,10,10,25,11,35,0.01,6,Rain,245
2015-4-15,67,59,50,31,23,16,39,28,16,30.38,30.15,30.06,10,10,10,25,12,35,0.00,1,,325
2015-4-16,60,51,41,32,23,16,67,46,24,30.51,30.39,30.26,10,10,10,23,10,26,0.00,3,,130
2015-4-17,65,56,47,54,47,30,89,70,50,30.24,29.99,29.86,10,10,7,22,13,28,0.06,6,Rain,237
2015-4-18,60,52,43,47,42,38,89,68,47,30.09,29.94,29.83,10,10,10,28,9,35,0.00,1,,14
2015-4-19,50,46,41,38,34,32,76,66,56,30.29,30.23,30.09,10,10,10,18,11,24,0.00,3,,75
2015-4-20,51,46,41,51,42,35,100,90,79,30.25,30.02,29.73,10,6,1,25,14,32,0.61,8,Rain,107
2015-4-21,65,56,46,57,49,36,100,71,42,29.75,29.60,29.53,10,5,0,20,10,94,0.54,6,Fog-Rain-Thunderstorm,184
2015-4-22,67,55,43,46,39,32,89,59,28,29.80,29.69,29.53,10,10,10,35,15,41,T,3,Rain,186
2015-4-23,51,45,38,40,27,18,71,49,27,29.70,29.62,29.54,10,10,10,25,16,33,0.00,5,,272
2015-4-24,50,44,37,28,24,20,64,49,34,29.79,29.73,29.70,10,10,3,23,16,36,T,5,Snow,292
2015-4-25,56,46,36,33,26,21,60,46,32,29.79,29.74,29.68,10,10,10,18,11,29,0.00,3,,315
2015-4-26,56,50,43,39,33,28,71,53,35,29.72,29.66,29.62,10,10,10,14,6,20,0.00,7,,344
2015-4-27,57,51,45,44,37,32,63,52,40,29.63,29.59,29.53,10,10,6,22,12,29,0.10,7,Rain,324
2015-4-28,64,53,42,42,35,29,76,51,26,29.78,29.68,29.62,10,10,4,26,14,35,0.07,5,Rain,8
2015-4-29,54,51,48,41,38,36,77,64,50,29.80,29.70,29.59,10,10,10,16,9,18,0.00,5,,91
2015-4-30,55,50,44,42,40,37,89,72,55,29.98,29.88,29.79,10,10,10,15,9,18,0.00,6,,89
2015-5-1,49,44,39,41,39,37,92,82,71,30.02,30.00,29.97,10,10,10,17,8,22,0.00,6,,85
2015-5-2,50,45,39,43,40,37,92,82,71,30.04,30.00,29.96,10,10,10,13,7,16,0.00,4,,103
2015-5-3,67,56,45,48,42,39,76,61,45,30.15,30.06,30.01,10,10,10,17,9,21,0.00,4,,176
2015-5-4,84,67,49,48,43,37,80,52,23,30.19,30.13,30.06,10,10,10,30,13,37,0.00,2,,206
2015-5-5,70,62,54,59,50,41,93,66,39,30.22,30.16,30.07,10,10,7,21,10,25,0.02,5,Rain,183
2015-5-6,73,63,52,52,40,31,89,59,29,30.31,30.24,30.16,10,10,10,20,9,25,0.00,3,,122
2015-5-7,79,66,53,45,38,30,47,34,21,30.21,30.14,30.05,10,10,10,22,11,28,0.00,1,,205
2015-5-8,71,59,46,46,43,40,86,61,35,30.32,30.20,30.09,10,10,9,22,12,25,0.00,4,,35
2015-5-9,71,59,46,60,50,43,97,82,66,30.37,30.30,30.21,10,9,3,18,8,23,0.00,7,,117
2015-5-10,89,74,59,64,61,55,100,67,34,30.22,30.12,30.02,10,10,7,22,14,29,0.00,6,,221
2015-5-11,80,65,50,65,55,48,93,78,62,30.14,30.10,30.06,10,9,5,21,10,24,0.00,6,,68
2015-5-12,87,68,48,61,52,48,100,66,31,30.04,29.82,29.62,10,6,0,25,9,33,0.02,7,Rain,75
2015-5-13,69,61,53,43,37,31,59,44,29,30.22,29.97,29.77,10,10,10,28,14,35,0.00,1,,305
2015-5-14,69,59,49,43,34,23,54,36,17,30.34,30.28,30.24,10,10,10,22,9,24,0.00,1,,281
2015-5-15,67,58,48,49,39,32,64,47,29,30.31,30.25,30.20,10,10,10,15,6,18,0.00,5,,134
2015-5-16,71,63,55,57,50,37,90,67,44,30.21,30.17,30.12,10,10,10,17,8,21,T,8,,194
2015-5-17,67,60,52,59,56,52,100,89,78,30.22,30.13,30.09,10,8,0,15,8,18,0.00,3,,97
2015-5-18,58,54,49,52,48,43,100,79,57,30.30,30.23,30.12,10,8,0,16,10,,0.00,6,Fog,72
2015-5-19,65,59,52,63,56,48,100,92,83,30.09,29.90,29.72,10,8,2,16,10,23,0.27,8,Rain,203
2015-5-20,66,59,51,63,41,30,93,65,36,29.92,29.78,29.70,10,10,7,26,14,35,0.00,4,,288
2015-5-21,67,56,45,41,36,30,61,44,26,29.98,29.91,29.85,10,10,10,17,10,23,0.00,4,,211
2015-5-22,76,64,52,44,34,24,64,40,16,30.06,29.86,29.78,10,10,10,26,13,37,T,4,Rain,264
2015-5-23,65,55,44,32,23,18,50,34,18,30.33,30.26,30.07,10,10,10,22,13,32,0.00,0,,285
2015-5-24,83,67,51,48,39,33,59,40,20,30.29,30.22,30.14,10,10,10,23,16,30,0.00,3,,237
2015-5-25,81,70,58,57,52,49,73,54,35,30.24,30.20,30.15,10,10,10,20,11,26,T,6,Rain,209
2015-5-26,87,76,64,62,58,53,73,59,44,30.16,30.12,30.09,10,10,10,23,16,28,0.00,6,,217
2015-5-27,85,75,65,66,63,59,87,71,55,30.16,30.12,30.06,10,10,10,26,16,32,0.00,4,,207
2015-5-28,86,75,64,67,62,55,87,69,51,30.21,30.12,30.04,10,10,10,23,13,29,T,6,Rain,216
2015-5-29,72,64,55,61,57,54,100,80,59,30.31,30.27,30.22,10,8,0,17,8,20,0.00,4,Fog,48
2015-5-30,88,73,58,63,60,56,93,66,39,30.22,30.12,30.03,10,10,10,26,15,33,0.00,2,,205
2015-5-31,77,63,48,69,55,46,100,85,69,30.28,30.14,30.02,10,8,1,31,14,36,0.91,7,Rain,28
2015-6-1,49,48,47,48,47,46,100,97,93,30.27,30.25,30.23,6,3,2,21,14,26,0.38,8,Rain,43
2015-6-2,49,48,46,46,45,44,100,93,86,30.22,30.19,30.17,10,7,2,20,11,26,0.74,8,Rain,33
2015-6-3,56,52,47,48,45,43,93,82,71,30.31,30.24,30.19,10,10,10,14,7,,0.00,7,,90
2015-6-4,58,54,49,46,45,42,86,74,61,30.35,30.30,30.24,10,10,10,16,6,21,0.00,5,,113
2015-6-5,59,55,50,51,48,45,93,83,72,30.24,30.09,29.93,10,10,10,20,8,22,T,5,,106
2015-6-6,67,60,52,55,51,39,100,73,46,30.08,29.94,29.85,10,10,2,20,7,28,0.09,5,Rain,54
2015-6-7,67,60,53,47,40,35,60,47,34,30.23,30.16,30.09,10,10,10,21,11,23,0.00,3,,76
2015-6-8,76,65,53,58,53,42,89,71,52,30.13,29.95,29.82,10,10,10,29,17,40,T,6,Rain,200
2015-6-9,78,71,64,65,63,59,93,81,69,29.79,29.70,29.63,10,10,9,23,13,26,T,6,Rain,199
2015-6-10,82,72,62,59,54,47,78,54,30,29.85,29.80,29.71,10,10,10,20,11,26,0.00,3,,245
2015-6-11,88,76,64,66,58,48,78,56,33,29.91,29.82,29.78,10,9,7,22,14,29,0.00,7,,248
2015-6-12,79,72,65,67,55,49,79,60,41,30.01,29.92,29.77,10,10,10,18,9,24,0.00,6,,202
2015-6-13,85,75,64,68,59,47,84,56,27,29.99,29.87,29.72,10,10,10,21,9,26,T,6,,2
2015-6-14,74,68,62,56,51,45,73,56,38,30.12,30.06,29.99,10,10,10,17,10,21,0.00,5,,67
2015-6-15,63,59,54,56,53,51,100,84,67,30.14,30.09,30.04,10,5,1,21,9,23,0.40,8,Rain,113
2015-6-16,71,64,56,66,59,56,100,91,81,30.01,29.88,29.78,10,6,0,13,5,18,T,7,Rain,87
2015-6-17,69,64,59,56,46,38,73,55,37,30.18,30.14,30.08,10,10,10,23,10,28,0.00,5,,111
2015-6-18,76,67,57,54,49,45,72,59,46,30.14,30.04,29.93,10,10,10,17,10,23,0.00,5,,189
2015-6-19,86,75,63,63,57,47,84,64,43,30.05,29.90,29.85,10,10,10,20,10,26,0.00,6,,272
2015-6-20,75,67,58,58,51,46,78,64,49,30.15,30.10,30.03,10,10,10,18,9,23,0.04,5,,76
2015-6-21,76,68,60,72,65,59,100,91,82,29.96,29.74,29.63,10,5,0,17,6,22,1.72,8,Rain,92
2015-6-22,77,69,61,65,62,60,100,84,68,29.99,29.85,29.76,10,5,0,13,6,15,0.00,6,Fog,89
2015-6-23,88,74,60,72,66,59,100,80,60,29.96,29.81,29.68,10,10,9,28,12,33,0.01,6,Rain,201
2015-6-24,84,76,67,60,54,46,73,52,30,29.97,29.90,29.78,10,10,10,20,11,28,0.00,2,,298
2015-6-25,81,73,64,61,55,52,76,56,36,30.03,29.98,29.93,10,10,10,15,7,21,0.00,4,,292
2015-6-26,72,66,59,58,53,46,84,68,52,30.09,30.01,29.94,10,10,10,16,8,20,T,5,Rain,41
2015-6-27,68,63,57,58,55,48,93,76,58,30.19,30.14,30.09,10,10,7,38,8,0,0.20,6,Rain,108
2015-6-28,59,56,52,59,56,51,100,94,87,30.07,29.80,29.69,7,3,1,29,18,36,1.43,8,Rain,39
2015-6-29,75,64,53,61,56,50,93,80,66,29.94,29.84,29.78,10,9,2,15,7,21,T,7,,216
2015-6-30,75,68,60,62,60,57,97,81,64,30.01,29.97,29.94,10,10,10,14,7,17,0.00,4,,155
2015-7-1,82,72,62,68,64,60,100,78,55,29.93,29.78,29.68,10,8,0,22,10,28,0.50,6,Rain-Thunderstorm,164
2015-7-2,80,72,64,60,56,54,78,60,42,29.89,29.86,29.81,10,10,10,16,9,23,0.00,4,,265
2015-7-3,76,70,63,56,53,49,73,56,38,30.00,29.94,29.87,10,10,10,15,9,17,0.00,2,,63
2015-7-4,72,67,62,62,58,55,87,75,63,30.01,29.99,29.95,10,10,10,10,4,12,T,6,,126
2015-7-5,83,72,61,61,59,57,90,67,43,30.13,30.05,29.99,10,9,7,13,8,22,0.00,1,,252
2015-7-6,80,74,68,66,63,59,84,69,54,30.17,30.13,30.09,10,10,8,15,7,18,0.00,3,,165
2015-7-7,84,75,65,72,68,63,93,77,61,30.12,30.05,29.92,10,10,10,23,10,29,0.02,5,Rain,160
2015-7-8,88,79,69,71,67,55,93,68,42,30.00,29.90,29.87,10,9,6,20,11,25,T,5,Rain,272
2015-7-9,69,66,63,60,57,55,93,77,61,30.03,29.98,29.87,10,10,5,15,8,18,0.15,6,Rain,67
2015-7-10,77,69,60,66,61,55,100,74,47,29.96,29.90,29.83,10,7,2,15,8,17,1.12,6,Rain,85
2015-7-11,83,76,68,61,57,54,61,49,37,30.04,30.01,29.96,10,10,10,13,8,17,0.00,1,,282
2015-7-12,89,81,72,67,61,57,67,54,40,30.00,29.95,29.90,10,10,10,15,9,23,0.00,4,,249
2015-7-13,77,72,67,67,65,61,93,81,68,29.95,29.91,29.86,10,10,7,15,6,17,0.00,6,,68
2015-7-14,82,74,65,70,67,60,93,72,51,29.85,29.71,29.62,10,10,3,21,8,24,0.03,5,Rain,144
2015-7-15,82,75,67,72,68,57,100,87,73,29.89,29.67,29.58,10,10,7,20,7,26,T,7,Rain,99
2015-7-16,68,64,59,55,51,48,78,65,52,30.07,30.02,29.91,10,10,10,18,11,25,0.00,3,,59
2015-7-17,75,68,60,61,58,53,84,72,60,30.12,30.08,30.03,10,10,10,17,9,25,T,5,,151
2015-7-18,78,71,64,68,65,61,93,81,69,30.04,29.95,29.86,10,10,2,21,11,28,0.14,7,Rain,200
2015-7-19,90,81,71,74,71,68,93,73,52,29.87,29.80,29.70,10,10,7,20,9,25,T,6,Rain,206
2015-7-20,92,81,70,73,66,52,93,62,30,29.71,29.66,29.63,10,10,7,20,9,28,T,4,,272
2015-7-21,81,76,70,68,63,59,79,66,52,29.66,29.61,29.55,10,10,10,16,7,24,T,5,,256
2015-7-22,84,77,69,66,55,48,84,58,31,29.81,29.67,29.57,10,10,10,22,12,29,0.00,3,,309
2015-7-23,82,75,67,58,54,52,68,52,36,29.88,29.84,29.82,10,10,10,14,7,21,0.00,4,,303
2015-7-24,81,74,66,61,56,51,81,60,39,29.94,29.90,29.88,10,10,7,20,9,28,0.01,4,Rain,320
2015-7-25,69,66,62,61,59,57,93,81,68,30.06,30.02,29.94,10,10,10,16,9,20,0.00,5,,50
2015-7-26,79,71,63,68,64,60,93,79,64,30.05,30.01,29.96,10,10,10,14,8,22,T,7,Rain,181
2015-7-27,86,77,68,69,67,65,93,74,55,30.03,30.00,29.97,10,10,10,18,8,24,0.06,5,Rain,200
2015-7-28,86,78,70,70,69,66,97,80,63,29.99,29.96,29.93,10,10,10,16,8,18,0.00,3,,181
2015-7-29,92,82,71,69,67,63,90,66,41,29.96,29.92,29.87,10,10,10,16,7,20,0.00,3,,190
2015-7-30,91,83,74,73,70,67,93,73,52,29.89,29.82,29.75,10,10,7,25,14,33,0.02,5,Rain,223
2015-7-31,89,81,73,71,59,52,93,61,29,29.81,29.78,29.75,10,10,10,23,11,31,0.00,2,,263
2015-8-1,90,79,68,61,58,55,66,50,34,29.82,29.75,29.70,10,10,10,26,10,35,T,3,Rain,251
2015-8-2,88,78,68,63,54,51,73,52,30,29.90,29.86,29.82,10,10,10,20,11,26,0.00,1,,254
2015-8-3,90,79,68,68,64,58,100,67,34,29.87,29.81,29.75,10,10,7,23,13,30,0.00,2,Thunderstorm,201
2015-8-4,89,78,66,72,66,62,90,68,46,29.88,29.83,29.76,10,8,0,38,9,51,0.49,5,Fog-Rain-Hail-Thunderstorm,222
2015-8-5,85,75,65,65,57,51,81,58,34,29.89,29.85,29.79,10,10,10,23,11,29,0.00,3,,260
2015-8-6,82,74,65,55,53,50,67,51,35,29.93,29.90,29.86,10,10,10,18,9,22,0.00,3,,278
2015-8-7,73,69,64,61,57,54,87,70,53,29.97,29.95,29.92,10,10,10,16,8,20,0.00,2,,37
2015-8-8,76,69,61,61,57,54,87,68,49,30.02,29.99,29.95,10,10,10,14,6,,0.00,4,,45
2015-8-9,73,68,62,61,59,57,93,80,66,30.05,30.03,30.00,10,10,10,20,9,26,0.00,5,,36
2015-8-10,83,73,63,62,59,56,87,67,47,30.06,30.02,29.97,10,10,10,21,10,24,0.00,3,,212
2015-8-11,72,68,64,70,67,62,100,94,87,30.01,29.84,29.73,10,7,1,21,10,24,0.83,7,Rain,171
2015-8-12,85,77,68,70,63,56,100,70,40,29.88,29.76,29.71,10,10,10,15,9,21,0.00,4,,257
2015-8-13,82,74,66,62,59,57,78,62,45,30.09,29.98,29.89,10,10,10,17,8,18,0.00,2,,296
2015-8-14,86,75,63,61,57,52,78,57,36,30.14,30.11,30.06,10,10,10,17,9,23,0.00,1,,225
2015-8-15,91,80,68,69,63,55,87,64,41,30.11,30.07,30.01,10,10,8,20,8,25,0.08,6,Rain-Thunderstorm,192
2015-8-16,90,79,67,68,66,64,93,70,46,30.09,30.07,30.04,10,10,10,17,7,22,0.00,3,,221
2015-8-17,91,81,71,71,67,64,84,64,44,30.08,30.04,29.99,10,10,10,15,8,21,0.00,2,,209
2015-8-18,87,79,71,71,69,65,90,76,61,30.03,30.01,29.97,10,8,0,29,8,38,0.14,4,Rain-Thunderstorm,192
2015-8-19,88,80,71,70,68,64,93,72,51,30.10,30.06,30.03,10,10,7,18,9,22,0.00,3,,204
2015-8-20,78,73,68,70,69,68,100,88,76,30.12,30.09,30.04,10,9,0,22,11,25,0.00,4,,115
2015-8-21,83,75,67,75,70,66,100,87,74,30.05,30.02,29.98,10,4,0,14,6,20,0.63,7,Fog-Rain-Thunderstorm,91
2015-8-22,73,70,67,70,66,64,100,90,79,30.11,30.08,30.03,10,9,0,15,7,18,T,7,Fog,53
2015-8-23,71,69,67,70,68,66,100,97,93,30.06,30.01,29.96,10,3,0,14,8,25,0.02,8,Rain,22
2015-8-24,75,72,68,69,68,67,100,92,84,29.96,29.92,29.87,10,7,1,14,6,16,T,7,,89
2015-8-25,81,74,67,72,69,66,100,81,62,29.91,29.89,29.83,10,6,0,17,9,21,0.00,6,Fog,133
2015-8-26,85,77,69,70,64,56,100,71,42,29.95,29.89,29.86,10,10,6,16,8,22,T,4,Rain,246
2015-8-27,82,74,65,56,54,52,68,54,39,30.07,29.98,29.94,10,10,10,17,10,22,0.00,2,,289
2015-8-28,75,70,64,62,56,53,73,63,53,30.17,30.13,30.08,10,10,10,14,8,18,0.00,2,,188
2015-8-29,82,73,63,58,55,53,78,59,39,30.19,30.14,30.08,10,10,10,16,7,22,0.00,3,,242
2015-8-30,88,79,69,65,61,58,78,58,37,30.09,30.03,29.98,10,10,10,17,9,26,0.00,5,,254
2015-8-31,90,81,71,66,63,60,79,60,40,30.00,29.93,29.86,10,10,10,22,11,32,0.00,2,,265
2015-9-1,79,74,69,63,62,59,78,65,52,30.06,30.02,29.96,10,10,10,15,9,,0.00,1,,54
2015-9-2,91,79,66,68,63,59,87,63,38,30.04,29.94,29.85,10,10,9,15,9,21,0.00,0,,231
2015-9-3,82,76,70,68,66,65,84,73,62,29.94,29.87,29.83,10,9,7,12,6,14,0.01,4,Rain-Thunderstorm,91
2015-9-4,72,67,62,69,60,55,93,78,63,30.27,30.14,29.94,10,9,5,23,11,32,T,6,Rain,47
2015-9-5,73,66,58,58,54,49,93,70,47,30.31,30.26,30.22,10,10,10,14,7,16,0.00,1,,94
2015-9-6,82,72,61,63,59,57,90,69,48,30.22,30.16,30.10,10,10,10,18,10,23,0.00,1,,190
2015-9-7,93,80,66,65,59,51,73,55,36,30.10,30.00,29.92,10,10,10,21,12,25,0.00,1,,231
2015-9-8,96,84,72,72,67,64,84,63,41,29.97,29.94,29.90,10,9,6,21,7,24,0.20,2,,225
2015-9-9,93,83,72,71,68,62,84,60,36,29.94,29.85,29.78,10,10,10,22,13,28,0.00,3,,214
2015-9-10,77,71,64,71,65,61,93,81,69,29.91,29.86,29.79,10,10,4,21,11,26,0.17,7,Rain,23
2015-9-11,73,68,63,63,61,59,100,84,68,29.82,29.75,29.69,10,8,2,25,10,33,0.66,7,Rain,15
2015-9-12,71,66,60,63,61,59,100,87,73,29.89,29.84,29.79,10,10,6,16,7,17,0.01,6,Rain,118
2015-9-13,66,65,63,65,62,59,100,94,87,29.79,29.75,29.71,10,6,0,20,10,23,0.38,8,Rain,85
2015-9-14,72,65,57,63,54,51,90,70,49,30.07,29.88,29.72,10,10,10,24,15,36,0.00,3,,267
2015-9-15,84,73,62,58,54,51,67,52,36,30.25,30.20,30.09,10,10,10,16,11,22,0.00,0,,278
2015-9-16,81,73,65,64,59,57,78,62,45,30.32,30.26,30.20,10,10,10,13,7,21,0.00,1,,207
2015-9-17,89,77,64,65,59,53,84,58,31,30.19,30.10,30.02,10,10,10,14,7,20,0.00,1,,231
2015-9-18,85,75,65,62,60,57,87,64,40,30.04,30.00,29.95,10,10,10,17,8,22,0.00,1,,199
2015-9-19,79,71,62,67,62,57,100,74,48,30.00,29.95,29.87,10,8,1,17,10,21,0.00,4,,198
2015-9-20,75,66,57,66,55,46,90,63,36,30.13,29.96,29.83,10,10,10,18,12,24,T,4,,295
2015-9-21,66,60,53,48,46,45,72,60,48,30.30,30.24,30.14,10,10,10,20,11,24,0.00,3,,26
2015-9-22,68,62,56,57,53,48,93,76,58,30.34,30.31,30.28,10,10,10,16,9,20,0.00,6,,30
2015-9-23,68,61,54,54,49,42,93,68,42,30.27,30.24,30.21,10,10,10,10,6,15,0.00,2,,61
2015-9-24,74,66,58,54,52,48,78,62,46,30.39,30.31,30.22,10,10,10,16,9,20,0.00,1,,26
2015-9-25,66,61,55,55,50,47,86,72,58,30.44,30.40,30.38,10,10,10,17,9,21,0.00,5,,51
2015-9-26,63,57,50,49,45,39,77,64,51,30.53,30.49,30.40,10,10,10,20,10,28,0.00,4,,42
2015-9-27,64,56,48,57,49,42,93,75,57,30.52,30.44,30.35,10,10,10,15,7,18,0.00,2,,222
2015-9-28,78,67,56,66,60,53,93,75,56,30.34,30.23,30.15,10,10,10,16,7,20,0.00,4,,185
2015-9-29,84,75,65,70,68,64,100,79,58,30.14,30.06,29.98,10,7,0,21,9,25,0.04,7,Fog-Rain,186
2015-9-30,78,68,57,73,67,51,100,89,78,29.96,29.77,29.63,10,6,0,32,13,38,2.46,8,Fog-Rain,182
2015-10-1,59,57,54,50,48,45,77,72,67,30.24,30.13,29.97,10,10,10,30,17,38,T,7,Rain,22
2015-10-2,54,52,50,45,43,40,80,73,66,30.36,30.28,30.22,10,10,7,25,20,36,0.08,8,Rain,28
2015-10-3,54,52,49,47,43,41,80,72,64,30.46,30.42,30.35,10,9,5,29,22,37,0.01,8,Rain,39
2015-10-4,56,54,51,45,42,38,77,66,54,30.44,30.39,30.30,10,10,10,28,18,35,0.00,7,,40
2015-10-5,61,55,48,50,47,41,96,80,64,30.29,30.20,30.09,10,10,10,15,9,18,0.00,6,,14
2015-10-6,64,56,48,49,46,43,89,71,52,30.08,30.00,29.94,10,10,10,12,6,15,0.00,1,,344
2015-10-7,72,62,52,54,47,43,77,61,44,29.99,29.95,29.90,10,10,10,13,7,17,0.00,3,,299
2015-10-8,62,57,51,50,44,35,83,61,39,30.16,30.11,30.00,10,10,10,13,9,18,0.00,2,,14
2015-10-9,72,62,52,63,57,49,93,75,57,30.12,29.85,29.72,10,8,2,31,15,40,0.34,7,Rain,210
2015-10-10,61,55,48,55,40,31,74,53,32,30.09,30.02,29.80,10,10,10,29,10,37,0.00,2,,313
2015-10-11,68,58,48,49,45,43,86,63,39,30.03,29.90,29.79,10,10,10,23,14,28,0.00,4,,222
2015-10-12,76,64,51,56,51,48,89,65,41,29.86,29.80,29.74,10,10,10,15,8,,0.00,0,,199
2015-10-13,72,64,55,62,58,52,100,84,68,29.93,29.60,29.47,10,7,0,16,8,21,0.12,6,Fog-Rain,148
2015-10-14,68,60,51,57,46,37,84,65,45,29.81,29.66,29.56,10,10,10,21,13,28,0.00,3,,262
2015-10-15,62,55,47,42,38,36,71,55,39,29.96,29.91,29.82,10,10,10,16,9,24,0.00,1,,266
2015-10-16,61,56,50,45,40,35,74,57,39,29.98,29.90,29.84,10,10,10,22,12,29,T,3,Rain,262
2015-10-17,56,48,40,40,32,24,83,58,32,30.14,30.01,29.95,10,10,10,23,12,29,T,4,,287
2015-10-18,47,40,33,29,19,13,64,46,28,30.33,30.22,30.13,10,10,10,22,11,30,T,2,,319
2015-10-19,48,40,31,31,20,15,69,48,26,30.45,30.34,30.18,10,10,10,17,11,22,0.00,2,,275
2015-10-20,66,56,45,43,37,32,65,51,36,30.21,30.13,30.07,10,10,10,21,12,28,T,6,,234
2015-10-21,61,57,53,54,48,42,100,76,51,30.33,30.28,30.17,10,9,4,13,6,16,0.07,8,Rain,68
2015-10-22,73,63,52,56,52,47,100,71,41,30.28,30.13,29.96,10,7,0,24,11,29,T,7,Fog,187
2015-10-23,59,50,40,38,31,26,60,49,38,30.37,30.19,30.03,10,10,10,26,14,35,0.00,2,,320
2015-10-24,49,44,38,42,35,28,80,71,61,30.44,30.37,30.25,10,10,10,13,6,16,0.00,8,,4
2015-10-25,63,56,48,54,47,35,89,72,55,30.19,30.07,29.98,10,10,7,24,12,35,0.03,7,Rain,233
2015-10-26,52,48,43,36,33,30,70,57,44,30.53,30.40,30.21,10,10,10,18,9,26,0.00,2,,294
2015-10-27,54,46,38,41,34,28,83,62,41,30.62,30.56,30.53,10,10,10,12,6,22,0.00,4,,178
2015-10-28,65,54,42,61,48,39,100,83,66,30.57,30.27,29.79,10,7,2,29,17,40,0.36,7,Rain,114
2015-10-29,75,66,57,66,57,30,100,65,30,29.75,29.55,29.44,10,8,2,29,17,39,0.73,7,Rain,206
2015-10-30,61,52,42,37,31,26,53,41,28,30.09,29.83,29.64,10,10,10,23,13,31,0.00,1,,289
2015-10-31,52,45,38,39,31,26,71,58,44,30.22,30.14,30.06,10,10,10,13,7,17,0.00,4,,224
2015-11-1,62,55,48,50,46,39,80,73,65,30.07,29.91,29.79,10,10,10,22,11,28,T,6,Rain,207
2015-11-2,64,58,51,48,42,39,83,63,43,30.11,30.02,29.94,10,10,10,18,7,23,0.00,2,,251
2015-11-3,73,60,47,44,42,40,82,57,31,30.25,30.13,30.06,10,10,10,16,8,,0.00,1,,281
2015-11-4,60,55,49,49,45,43,83,69,55,30.40,30.33,30.26,10,10,10,13,7,16,0.00,0,,129
2015-11-5,76,63,50,61,55,48,100,77,53,30.30,30.20,30.09,10,9,5,22,12,31,0.00,4,,224
2015-11-6,73,68,62,62,61,54,93,79,64,30.07,29.90,29.71,10,10,10,26,15,32,0.00,4,,222
2015-11-7,69,60,50,45,38,33,57,48,39,30.02,29.93,29.83,10,10,10,25,13,33,0.00,6,,280
2015-11-8,56,50,44,34,30,24,65,48,30,30.38,30.25,30.04,10,10,10,18,12,25,0.00,0,,283
2015-11-9,60,51,41,36,32,30,70,52,33,30.43,30.37,30.32,10,10,10,16,9,20,0.00,2,,237
2015-11-10,53,49,44,47,40,36,80,67,54,30.31,30.15,29.89,10,10,7,17,8,22,0.07,7,Rain,37
2015-11-11,50,48,46,49,45,42,93,90,86,29.98,29.85,29.78,10,4,2,25,16,33,0.54,8,Rain,13
2015-11-12,57,52,46,54,47,42,100,90,80,29.98,29.75,29.42,10,8,0,18,7,23,0.04,8,Rain,173
2015-11-13,59,53,46,54,39,30,86,65,44,29.62,29.51,29.43,10,10,10,29,18,39,0.01,3,Rain,257
2015-11-14,47,42,37,31,25,19,62,51,39,30.12,29.89,29.63,10,10,10,31,16,43,0.00,2,,279
2015-11-15,54,46,37,35,30,25,64,54,44,30.21,30.12,30.05,10,10,10,18,10,23,0.00,6,,254
2015-11-16,61,50,39,37,29,14,66,42,17,30.41,30.18,30.09,10,10,10,21,11,28,0.00,3,,306
2015-11-17,45,39,33,31,26,20,76,62,48,30.60,30.54,30.42,10,10,10,14,7,17,0.00,1,,35
2015-11-18,48,40,31,38,33,29,85,69,53,30.61,30.55,30.46,10,10,10,15,6,17,0.00,2,,158
2015-11-19,55,49,43,50,44,39,89,83,77,30.44,30.30,30.06,10,10,10,16,9,20,T,8,Rain,132
2015-11-20,61,53,44,58,47,26,100,69,38,30.18,30.02,29.94,10,7,2,25,13,29,0.86,6,Rain,266
2015-11-21,48,43,38,31,28,23,70,60,49,30.30,30.20,30.04,10,10,10,13,8,16,0.00,4,,1
2015-11-22,49,43,36,44,39,31,89,80,70,30.00,29.91,29.82,10,9,5,20,7,25,0.30,8,Rain,341
2015-11-23,42,36,30,36,18,5,85,56,27,30.15,29.94,29.80,10,10,10,22,13,31,0.04,3,Rain,316
2015-11-24,44,37,29,21,16,11,50,42,33,30.53,30.33,30.16,10,10,10,15,8,22,0.00,1,,271
2015-11-25,44,37,30,34,27,20,76,63,49,30.88,30.76,30.54,10,10,10,14,6,18,0.00,1,,83
2015-11-26,59,49,38,49,42,34,100,79,57,30.87,30.77,30.64,10,9,5,22,10,28,0.00,6,,180
2015-11-27,64,56,48,52,49,47,100,78,56,30.63,30.41,30.15,10,9,5,26,14,32,0.00,7,,209
2015-11-28,60,51,41,50,43,36,93,80,67,30.20,30.16,30.11,10,9,4,18,10,23,0.21,8,Rain,358
2015-11-29,44,38,32,33,23,15,79,58,36,30.42,30.26,30.19,10,10,10,16,10,20,0.00,4,,326
2015-11-30,38,33,28,26,23,18,75,65,54,30.53,30.46,30.39,10,10,10,14,9,17,0.00,6,,65
2015-12-1,45,39,32,43,35,25,96,83,69,30.40,30.24,30.01,10,8,1,15,6,17,0.14,7,Rain,109
2015-12-2,51,45,39,51,43,37,100,95,89,29.99,29.81,29.59,10,3,0,13,4,15,0.32,8,Fog-Rain,254
2015-12-3,52,47,41,50,39,27,100,75,49,30.07,29.70,29.56,10,8,0,30,14,40,T,4,Rain,271
2015-12-4,48,43,38,31,29,28,70,58,46,30.52,30.34,30.10,10,10,10,20,11,30,0.00,2,,282
2015-12-5,53,46,39,38,33,31,79,65,50,30.64,30.59,30.52,10,10,10,13,7,17,0.00,0,,247
2015-12-6,59,48,36,35,32,28,89,61,33,30.57,30.38,30.20,10,10,7,14,8,18,0.00,1,,223
2015-12-7,56,47,37,39,33,26,85,60,35,30.18,30.09,30.01,10,9,6,22,7,28,0.00,4,,258
2015-12-8,44,41,37,36,33,28,79,72,64,30.16,30.12,30.08,10,10,9,22,11,28,T,8,Rain,4
2015-12-9,46,42,37,39,33,27,82,71,60,30.20,30.15,30.07,10,10,10,18,8,28,T,8,,170
2015-12-10,58,51,43,49,45,39,100,84,67,30.06,29.99,29.94,10,10,4,20,5,22,T,6,,174
2015-12-11,58,51,43,52,46,43,100,86,72,29.97,29.93,29.84,10,4,0,18,8,24,0.00,5,Fog,192
2015-12-12,61,55,49,44,39,36,77,60,42,30.13,30.07,29.93,10,10,10,16,7,22,0.00,5,,260
2015-12-13,53,50,46,43,40,37,86,73,59,30.23,30.19,30.13,10,10,10,16,7,18,0.00,8,,69
2015-12-14,58,52,46,57,46,39,100,88,76,30.16,29.85,29.45,10,4,0,12,4,14,0.42,8,Fog-Rain,97
2015-12-15,61,55,48,61,49,36,100,74,47,29.79,29.41,29.25,10,9,2,31,14,41,0.19,6,Rain,260
2015-12-16,48,43,38,39,32,29,83,70,57,30.22,30.10,29.85,10,10,10,16,9,20,0.00,5,,58
2015-12-17,52,46,39,52,44,33,100,87,73,30.17,29.92,29.59,10,7,1,17,8,23,0.55,8,Rain,121
2015-12-18,52,46,39,50,42,24,100,80,59,29.69,29.63,29.59,10,8,0,18,10,23,0.04,7,Rain,301
2015-12-19,40,37,33,24,16,10,64,48,32,30.10,29.90,29.70,10,10,10,29,16,38,0.00,3,,272
2015-12-20,41,36,31,23,18,14,61,50,38,30.47,30.36,30.13,10,10,10,20,10,25,0.00,3,,247
2015-12-21,53,43,32,42,33,24,70,60,50,30.39,30.18,30.02,10,10,10,31,16,41,0.00,6,,218
2015-12-22,60,54,48,57,50,42,100,86,71,30.08,29.97,29.85,10,7,2,20,9,28,0.23,7,Rain,204
2015-12-23,56,51,45,49,47,44,100,89,77,30.27,30.17,29.98,10,6,1,20,7,26,0.76,8,Rain,80
2015-12-24,69,59,48,63,54,48,100,87,73,30.11,29.92,29.84,10,5,0,25,8,32,0.24,7,Fog-Rain,239
2015-12-25,62,56,49,56,48,34,100,76,51,30.26,30.15,30.09,10,10,10,15,6,21,0.00,6,,242
2015-12-26,55,48,41,38,33,30,76,60,43,30.56,30.46,30.29,10,10,10,16,7,22,0.00,7,,64
2015-12-27,50,44,38,46,43,29,100,87,73,30.31,29.94,29.74,10,7,2,24,6,32,0.26,8,Rain,345
2015-12-28,38,34,29,28,16,7,75,56,36,30.65,30.44,30.06,10,10,10,25,14,33,T,5,Snow,4
2015-12-29,40,32,24,38,30,19,100,93,85,30.59,30.24,29.99,10,3,0,29,18,35,1.02,8,Rain-Snow,57
2015-12-30,37,31,25,36,26,21,100,92,84,30.41,30.30,30.10,10,6,0,13,6,15,0.03,8,Rain,345
2015-12-31,47,40,33,38,33,26,100,78,55,30.11,30.00,29.94,10,6,0,17,9,23,0.08,7,Rain,291